id,userId,courseContentId,totalTimeSpent,lastAccessed,createdAt,completed
1084,702,371,0,2024-10-09 06:18:32.776,2024-10-09 06:18:32.776,True
1085,702,370,0,2024-10-09 06:18:33.773,2024-10-09 06:18:33.773,True
18,511,309,2834,2023-11-09 03:32:35.061,2024-10-09 06:04:30.268,True
12,509,384,1993,2024-01-01 15:20:25.906,2024-10-09 06:04:30.268,True
20,515,363,3254,2024-02-27 13:23:33.712,2024-10-09 06:04:30.269,False
23,511,367,22,2024-04-20 12:22:10.308,2024-10-09 06:04:30.268,False
19,515,397,2764,2024-09-11 09:30:14.567,2024-10-09 06:04:30.269,False
22,511,362,2166,2024-03-09 12:13:00.186,2024-10-09 06:04:30.268,True
24,512,312,2330,2024-05-13 13:56:05.260,2024-10-09 06:04:30.269,False
21,511,354,2472,2023-11-05 13:31:07.366,2024-10-09 06:04:30.268,True
17,512,361,1513,2024-09-24 02:12:33.596,2024-10-09 06:04:30.269,False
13,515,405,482,2024-01-19 20:51:58.139,2024-10-09 06:04:30.270,False
14,518,404,2258,2023-11-12 16:15:23.654,2024-10-09 06:04:30.269,True
16,518,372,1007,2024-06-29 00:45:27.805,2024-10-09 06:04:30.269,False
15,509,341,2498,2024-08-22 15:15:51.045,2024-10-09 06:04:30.268,True
25,512,331,1000,2024-04-11 16:59:50.099,2024-10-09 06:04:30.270,False
26,518,407,3149,2024-07-23 22:46:01.376,2024-10-09 06:04:30.270,True
27,515,360,1365,2024-08-04 08:32:00.870,2024-10-09 06:04:30.270,False
28,522,313,2913,2024-09-18 21:04:55.811,2024-10-09 06:04:30.270,False
29,510,352,1079,2024-09-13 14:11:16.463,2024-10-09 06:04:30.270,False
30,518,371,3365,2024-03-17 08:28:34.800,2024-10-09 06:04:30.270,True
31,520,359,176,2024-04-05 21:10:12.382,2024-10-09 06:04:30.270,True
32,515,386,1743,2023-10-26 00:56:09.287,2024-10-09 06:04:30.270,False
33,518,382,1140,2024-02-06 10:01:51.282,2024-10-09 06:04:30.270,False
34,515,352,1422,2023-11-21 11:40:55.988,2024-10-09 06:04:30.270,False
35,518,386,3387,2024-09-02 03:31:21.536,2024-10-09 06:04:30.270,False
36,521,324,752,2024-01-15 07:37:53.621,2024-10-09 06:04:30.270,False
37,522,362,863,2024-06-05 20:46:15.226,2024-10-09 06:04:30.270,True
38,518,344,1090,2024-07-08 12:55:01.618,2024-10-09 06:04:30.270,True
39,515,308,1987,2024-04-13 13:35:52.048,2024-10-09 06:04:30.270,False
40,560,401,1550,2024-05-01 19:50:37.202,2024-10-09 06:04:30.270,True
41,515,366,3535,2024-06-13 03:19:54.513,2024-10-09 06:04:30.270,True
42,560,348,238,2023-12-22 11:20:58.723,2024-10-09 06:04:30.270,False
43,521,389,2058,2023-11-28 20:21:57.255,2024-10-09 06:04:30.270,False
44,522,373,3493,2024-02-12 05:18:36.517,2024-10-09 06:04:30.270,True
45,560,406,1618,2023-11-17 00:54:23.759,2024-10-09 06:04:30.270,False
46,513,358,3175,2024-07-27 06:00:30.518,2024-10-09 06:04:30.270,True
47,515,384,3303,2023-12-08 01:18:16.297,2024-10-09 06:04:30.270,False
48,560,385,703,2024-09-11 02:26:25.206,2024-10-09 06:04:30.270,False
49,514,330,521,2024-02-26 03:45:12.171,2024-10-09 06:04:30.270,True
50,560,386,3399,2024-03-20 01:09:00.255,2024-10-09 06:04:30.270,True
51,513,395,610,2024-09-06 00:18:56.570,2024-10-09 06:04:30.270,False
52,560,364,1956,2024-03-16 11:17:20.511,2024-10-09 06:04:30.270,False
53,514,336,1333,2024-01-20 00:13:10.125,2024-10-09 06:04:30.270,True
54,560,349,1613,2024-09-26 05:26:59.386,2024-10-09 06:04:30.270,False
55,526,376,2662,2024-01-24 05:42:07.768,2024-10-09 06:04:30.270,False
57,513,309,2470,2024-01-12 05:13:03.667,2024-10-09 06:04:30.270,True
58,514,360,88,2024-05-01 05:37:46.365,2024-10-09 06:04:30.270,False
59,704,377,3052,2024-01-04 07:49:31.525,2024-10-09 06:04:30.270,False
56,515,341,186,2024-04-27 17:52:08.364,2024-10-09 06:04:30.270,False
60,704,368,1369,2023-11-03 23:47:23.640,2024-10-09 06:04:30.270,True
61,513,355,1015,2024-08-04 12:02:08.698,2024-10-09 06:04:30.270,True
62,704,396,522,2024-07-12 02:31:35.644,2024-10-09 06:04:30.270,True
63,514,406,3279,2024-08-12 07:17:19.337,2024-10-09 06:04:30.270,False
64,705,326,2065,2024-05-31 05:48:07.822,2024-10-09 06:04:30.270,True
65,524,334,786,2024-08-24 18:32:36.486,2024-10-09 06:04:30.270,True
66,524,396,1954,2024-04-23 23:48:12.217,2024-10-09 06:04:30.270,True
67,524,319,1085,2024-01-04 04:34:23.324,2024-10-09 06:04:30.270,True
68,514,407,1887,2024-10-06 15:18:15.141,2024-10-09 06:04:30.270,False
69,513,393,2087,2024-07-31 18:40:41.969,2024-10-09 06:04:30.270,False
70,543,370,1878,2024-07-15 11:30:05.692,2024-10-09 06:04:30.270,True
71,543,382,1695,2024-01-17 00:26:33.301,2024-10-09 06:04:30.270,True
72,543,393,546,2023-12-28 23:38:06.479,2024-10-09 06:04:30.270,True
73,524,311,3082,2023-12-13 09:51:48.250,2024-10-09 06:04:30.270,False
74,514,308,35,2024-07-13 07:43:56.135,2024-10-09 06:04:30.270,False
75,513,376,2325,2023-11-11 17:36:28.332,2024-10-09 06:04:30.270,False
76,524,347,2291,2024-04-04 13:21:58.291,2024-10-09 06:04:30.270,True
77,512,321,487,2024-03-02 14:33:15.924,2024-10-09 06:04:30.270,True
79,543,403,508,2024-01-13 16:47:48.825,2024-10-09 06:04:30.270,True
81,513,403,1957,2024-06-25 21:31:58.637,2024-10-09 06:04:30.271,False
78,543,320,1848,2024-07-25 01:21:52.234,2024-10-09 06:04:30.270,False
80,543,353,3477,2024-09-17 16:02:28.098,2024-10-09 06:04:30.270,False
82,512,345,1959,2024-04-11 10:53:57.165,2024-10-09 06:04:30.271,False
83,524,353,1224,2023-12-31 10:40:28.436,2024-10-09 06:04:30.270,True
84,543,313,2404,2023-10-14 18:15:15.445,2024-10-09 06:04:30.271,True
85,512,322,1755,2023-11-01 02:47:12.565,2024-10-09 06:04:30.271,False
86,543,352,2090,2024-09-27 09:21:27.859,2024-10-09 06:04:30.271,False
87,513,400,2152,2024-05-21 23:14:53.034,2024-10-09 06:04:30.271,True
97,512,367,1360,2024-03-07 16:05:54.727,2024-10-09 06:04:30.271,True
101,540,314,1517,2024-07-30 17:12:25.832,2024-10-09 06:04:30.271,True
106,540,340,445,2024-08-31 13:19:41.142,2024-10-09 06:04:30.271,False
114,540,339,2392,2024-08-03 18:50:28.630,2024-10-09 06:04:30.271,False
124,526,359,1426,2023-12-15 17:31:34.518,2024-10-09 06:04:30.271,True
148,589,364,3176,2024-06-09 16:52:35.920,2024-10-09 06:04:30.272,False
160,595,379,2915,2023-10-23 16:33:01.938,2024-10-09 06:04:30.273,True
178,596,343,1409,2024-02-29 13:51:05.388,2024-10-09 06:04:30.273,False
193,599,352,2704,2024-06-21 13:57:43.500,2024-10-09 06:04:30.273,False
201,611,358,826,2024-06-15 19:50:04.105,2024-10-09 06:04:30.273,False
218,688,323,2087,2024-02-08 01:43:12.600,2024-10-09 06:04:30.275,False
230,706,325,969,2024-03-25 12:47:10.278,2024-10-09 06:04:30.275,True
246,698,313,2500,2023-10-25 12:51:29.607,2024-10-09 06:04:30.280,False
259,695,379,690,2023-11-27 00:14:27.942,2024-10-09 06:04:30.280,False
279,702,353,1895,2024-09-09 22:39:20.789,2024-10-09 06:04:30.280,False
293,531,390,2547,2024-08-13 03:58:52.665,2024-10-09 06:04:30.281,False
305,535,322,2524,2024-02-29 12:58:35.454,2024-10-09 06:04:30.282,False
309,549,341,445,2023-11-23 17:45:40.856,2024-10-09 06:04:30.282,False
326,557,311,631,2024-08-14 06:54:26.831,2024-10-09 06:04:30.296,True
342,574,326,715,2024-08-27 14:24:47.388,2024-10-09 06:04:30.297,True
354,571,403,1911,2023-10-31 22:46:13.787,2024-10-09 06:04:30.297,True
370,517,326,3397,2023-10-31 16:41:53.103,2024-10-09 06:04:30.297,True
375,525,356,351,2024-03-23 10:45:42.333,2024-10-09 06:04:30.297,False
389,541,386,1309,2023-11-27 15:33:11.107,2024-10-09 06:04:30.297,False
407,546,369,2381,2024-05-24 11:46:27.214,2024-10-09 06:04:30.297,False
411,553,321,2667,2024-03-08 18:18:17.311,2024-10-09 06:04:30.297,True
433,564,362,2955,2023-10-10 16:41:22.443,2024-10-09 06:04:30.298,True
439,569,325,1729,2024-08-31 18:12:29.998,2024-10-09 06:04:30.298,False
459,572,374,2163,2024-08-20 19:46:59.264,2024-10-09 06:04:30.298,True
474,538,328,1022,2024-10-07 08:30:24.241,2024-10-09 06:04:30.299,False
480,538,334,1911,2024-08-08 14:43:27.987,2024-10-09 06:04:30.299,False
493,550,328,24,2024-05-14 11:57:11.687,2024-10-09 06:04:30.299,True
506,555,328,2460,2024-04-10 02:57:21.736,2024-10-09 06:04:30.300,True
520,562,356,2065,2024-05-17 19:25:43.234,2024-10-09 06:04:30.300,False
534,566,324,2807,2023-10-29 19:11:07.006,2024-10-09 06:04:30.301,False
550,580,337,2331,2024-08-05 23:07:07.488,2024-10-09 06:04:30.301,True
556,628,364,3053,2024-08-29 23:40:16.750,2024-10-09 06:04:30.301,False
568,634,403,2524,2023-11-20 18:37:32.379,2024-10-09 06:04:30.301,False
580,644,345,1305,2024-06-21 03:11:04.512,2024-10-09 06:04:30.302,True
593,655,406,3026,2024-10-01 22:25:22.717,2024-10-09 06:04:30.302,True
608,664,406,2059,2024-04-26 03:03:41.395,2024-10-09 06:04:30.303,False
622,679,395,1100,2024-03-21 13:50:05.753,2024-10-09 06:04:30.303,True
628,568,337,1229,2024-02-25 14:55:01.935,2024-10-09 06:04:30.303,True
641,578,400,2554,2023-12-10 03:29:30.080,2024-10-09 06:04:30.304,True
653,598,361,56,2024-04-18 19:30:28.370,2024-10-09 06:04:30.304,True
679,607,333,2431,2023-11-08 18:04:32.324,2024-10-09 06:04:30.308,False
689,618,320,1152,2023-10-23 08:02:22.553,2024-10-09 06:04:30.309,False
703,583,382,1508,2024-02-03 01:03:18.165,2024-10-09 06:04:30.311,False
715,588,360,266,2024-06-14 09:40:13.925,2024-10-09 06:04:30.311,False
725,602,313,2810,2024-07-21 19:25:03.278,2024-10-09 06:04:30.313,True
739,633,338,388,2023-11-21 08:05:21.770,2024-10-09 06:04:30.315,True
754,686,366,1892,2024-05-01 21:04:27.101,2024-10-09 06:04:30.315,True
766,684,406,3491,2024-09-11 07:57:58.673,2024-10-09 06:04:30.315,False
772,685,361,3394,2024-02-14 00:21:15.165,2024-10-09 06:04:30.316,True
779,685,390,2069,2024-01-07 03:48:27.688,2024-10-09 06:04:30.317,True
782,597,383,1141,2024-07-29 13:55:44.827,2024-10-09 06:04:30.317,True
787,597,318,1471,2024-01-10 05:36:13.522,2024-10-09 06:04:30.317,False
793,600,357,1089,2024-08-31 10:37:32.099,2024-10-09 06:04:30.317,True
798,600,405,185,2024-05-21 11:07:01.031,2024-10-09 06:04:30.318,False
802,603,334,1484,2024-07-03 14:52:33.161,2024-10-09 06:04:30.318,False
810,609,343,3276,2023-11-06 02:28:03.017,2024-10-09 06:04:30.318,True
816,610,374,2979,2024-09-23 19:35:30.820,2024-10-09 06:04:30.318,True
824,620,319,2074,2024-05-22 03:53:22.984,2024-10-09 06:04:30.319,True
837,635,314,105,2024-02-06 19:13:51.924,2024-10-09 06:04:30.319,True
854,624,348,1856,2024-07-25 07:51:55.211,2024-10-09 06:04:30.319,True
865,636,386,2072,2023-12-23 02:25:13.556,2024-10-09 06:04:30.319,False
874,647,354,1398,2024-09-28 11:24:16.205,2024-10-09 06:04:30.320,False
901,630,336,2191,2024-05-01 23:08:44.570,2024-10-09 06:04:30.321,True
920,642,327,2095,2024-04-03 22:45:23.452,2024-10-09 06:04:30.327,True
932,650,322,1245,2023-12-08 00:01:14.597,2024-10-09 06:04:30.327,False
947,665,316,3320,2024-06-28 11:21:19.254,2024-10-09 06:04:30.335,False
958,652,380,2622,2024-07-03 14:04:34.912,2024-10-09 06:04:30.339,False
969,656,357,2152,2023-11-21 18:56:15.762,2024-10-09 06:04:30.339,False
977,662,345,101,2024-05-21 21:28:52.453,2024-10-09 06:04:30.339,False
991,668,376,3152,2023-11-27 07:44:38.985,2024-10-09 06:04:30.339,False
1003,656,380,73,2023-12-21 09:42:11.925,2024-10-09 06:04:30.339,False
1017,667,353,256,2024-04-12 15:14:17.852,2024-10-09 06:04:30.339,True
1026,671,322,3147,2023-12-31 16:57:05.663,2024-10-09 06:04:30.339,True
1039,671,330,1724,2024-01-02 09:55:09.473,2024-10-09 06:04:30.340,False
1050,677,326,1643,2024-08-26 10:49:33.476,2024-10-09 06:04:30.340,True
1062,680,347,62,2024-03-21 06:52:54.608,2024-10-09 06:04:30.340,True
1072,681,347,1794,2023-11-15 13:34:33.514,2024-10-09 06:04:30.340,True
91,540,334,33,2023-12-22 15:23:08.703,2024-10-09 06:04:30.271,True
102,540,396,686,2024-05-13 22:10:14.837,2024-10-09 06:04:30.271,True
108,518,318,709,2024-06-15 01:21:42.754,2024-10-09 06:04:30.271,True
117,591,366,2237,2024-05-28 13:15:51.471,2024-10-09 06:04:30.271,True
130,529,321,2269,2024-04-17 10:30:35.961,2024-10-09 06:04:30.271,True
143,591,340,1959,2024-05-26 16:35:43.485,2024-10-09 06:04:30.272,True
151,589,377,1269,2023-10-18 08:54:29.550,2024-10-09 06:04:30.272,False
164,707,357,1004,2024-03-31 12:35:10.474,2024-10-09 06:04:30.273,True
180,596,406,1259,2024-03-16 04:04:50.457,2024-10-09 06:04:30.273,True
194,599,368,3111,2024-07-15 02:39:09.812,2024-10-09 06:04:30.273,True
207,689,345,1617,2024-05-26 09:49:17.406,2024-10-09 06:04:30.273,False
217,689,346,682,2024-09-07 23:42:21.527,2024-10-09 06:04:30.275,False
231,706,376,3286,2023-11-04 12:19:05.869,2024-10-09 06:04:30.275,True
243,698,341,1669,2024-03-17 22:55:08.117,2024-10-09 06:04:30.280,True
254,692,381,92,2024-08-14 16:21:09.847,2024-10-09 06:04:30.280,False
267,692,374,2012,2023-10-19 08:32:36.203,2024-10-09 06:04:30.280,True
280,697,390,1742,2024-07-29 13:02:29.550,2024-10-09 06:04:30.280,False
292,692,314,305,2024-02-09 12:01:51.478,2024-10-09 06:04:30.280,True
301,695,313,2402,2024-07-20 16:54:44.351,2024-10-09 06:04:30.281,True
317,549,359,451,2024-08-30 18:20:28.345,2024-10-09 06:04:30.296,True
332,571,377,1366,2023-12-25 12:51:37.025,2024-10-09 06:04:30.297,True
338,557,376,2693,2024-08-31 00:45:35.617,2024-10-09 06:04:30.297,False
350,708,361,1770,2024-08-10 20:23:50.888,2024-10-09 06:04:30.297,True
368,523,336,1693,2024-05-26 21:24:10.134,2024-10-09 06:04:30.297,True
383,532,353,1501,2024-05-06 11:18:05.263,2024-10-09 06:04:30.297,False
393,525,382,1325,2024-05-02 22:41:30.137,2024-10-09 06:04:30.297,False
406,546,367,2663,2024-09-15 17:18:56.352,2024-10-09 06:04:30.297,False
414,553,381,3251,2024-04-05 13:23:36.554,2024-10-09 06:04:30.297,False
426,561,344,1652,2024-07-28 18:58:40.617,2024-10-09 06:04:30.298,True
437,570,364,1397,2023-12-06 00:43:49.573,2024-10-09 06:04:30.298,True
449,572,384,203,2023-10-17 13:21:28.753,2024-10-09 06:04:30.298,False
469,537,344,18,2024-05-27 04:24:22.812,2024-10-09 06:04:30.299,False
512,538,314,2347,2024-07-11 22:44:37.473,2024-10-09 06:04:30.299,True
528,563,324,534,2024-06-04 07:11:33.389,2024-10-09 06:04:30.301,True
544,575,325,2614,2024-01-25 22:14:13.865,2024-10-09 06:04:30.301,False
559,628,337,2847,2024-08-21 12:37:56.052,2024-10-09 06:04:30.301,True
566,634,360,1759,2024-08-28 17:46:41.897,2024-10-09 06:04:30.301,True
579,644,393,3195,2024-07-28 08:18:02.146,2024-10-09 06:04:30.302,False
594,655,326,886,2024-04-02 21:35:29.822,2024-10-09 06:04:30.302,False
604,664,401,876,2024-03-15 08:40:32.637,2024-10-09 06:04:30.302,True
618,567,332,1705,2024-09-13 11:28:56.038,2024-10-09 06:04:30.303,False
627,568,367,2425,2023-11-26 02:00:20.841,2024-10-09 06:04:30.303,True
638,576,359,1685,2024-06-03 20:26:37.372,2024-10-09 06:04:30.303,False
651,593,389,752,2024-01-31 06:02:28.096,2024-10-09 06:04:30.304,True
663,601,350,677,2023-11-07 11:13:35.246,2024-10-09 06:04:30.305,True
673,607,405,1055,2024-02-06 00:25:54.260,2024-10-09 06:04:30.308,True
681,612,357,399,2024-04-03 20:57:07.672,2024-10-09 06:04:30.308,False
691,619,335,1431,2024-06-03 05:43:58.473,2024-10-09 06:04:30.309,True
702,583,335,202,2023-11-03 12:10:39.361,2024-10-09 06:04:30.311,True
714,588,384,2976,2023-11-03 07:37:30.190,2024-10-09 06:04:30.311,True
729,629,338,1202,2024-05-28 16:37:01.130,2024-10-09 06:04:30.314,False
738,633,331,2617,2024-01-11 23:26:02.153,2024-10-09 06:04:30.315,True
751,640,387,3249,2024-01-08 12:00:13.821,2024-10-09 06:04:30.315,True
762,640,407,1934,2024-06-22 07:12:11.515,2024-10-09 06:04:30.315,False
770,684,339,557,2024-01-22 11:21:04.683,2024-10-09 06:04:30.315,False
777,685,365,2051,2023-11-28 17:35:48.816,2024-10-09 06:04:30.316,False
784,597,359,1021,2024-08-03 14:35:55.159,2024-10-09 06:04:30.317,False
792,608,400,1197,2024-03-06 21:40:02.945,2024-10-09 06:04:30.317,True
797,600,315,440,2024-05-17 11:07:47.978,2024-10-09 06:04:30.317,True
803,603,407,3282,2023-11-27 20:30:36.850,2024-10-09 06:04:30.318,False
807,600,400,76,2023-12-19 12:31:11.210,2024-10-09 06:04:30.318,False
819,617,329,794,2024-07-14 02:24:26.232,2024-10-09 06:04:30.319,True
831,614,339,2124,2024-09-18 04:11:02.930,2024-10-09 06:04:30.319,True
841,623,344,2482,2024-09-02 18:56:43.612,2024-10-09 06:04:30.319,False
859,627,405,1011,2024-09-05 00:39:36.040,2024-10-09 06:04:30.319,False
867,636,318,2482,2024-06-16 07:48:49.576,2024-10-09 06:04:30.319,True
883,653,347,2396,2024-08-15 21:40:05.355,2024-10-09 06:04:30.321,True
895,631,390,2380,2023-12-16 20:42:07.603,2024-10-09 06:04:30.321,False
908,638,396,2501,2024-09-22 06:02:49.484,2024-10-09 06:04:30.327,True
922,642,379,413,2024-07-24 13:40:05.767,2024-10-09 06:04:30.327,False
929,650,380,2200,2024-09-16 00:17:40.561,2024-10-09 06:04:30.327,False
940,654,401,1555,2024-05-22 02:02:06.113,2024-10-09 06:04:30.327,False
949,665,342,934,2024-03-31 01:51:51.627,2024-10-09 06:04:30.339,True
957,652,328,948,2024-06-22 03:28:20.868,2024-10-09 06:04:30.339,True
968,656,386,1453,2023-11-03 00:17:23.194,2024-10-09 06:04:30.339,False
979,662,370,780,2024-02-25 18:01:36.979,2024-10-09 06:04:30.339,True
989,661,405,463,2024-01-01 15:58:16.362,2024-10-09 06:04:30.339,False
1038,674,328,1780,2023-11-22 14:04:50.735,2024-10-09 06:04:30.340,False
1040,674,353,1758,2023-10-12 12:32:50.939,2024-10-09 06:04:30.340,False
1051,676,392,949,2024-05-05 08:11:30.996,2024-10-09 06:04:30.340,True
1064,678,390,2940,2023-10-29 02:58:16.520,2024-10-09 06:04:30.340,False
1073,681,386,3505,2023-10-16 05:58:26.833,2024-10-09 06:04:30.340,False
88,524,328,2429,2024-07-05 11:12:34.539,2024-10-09 06:04:30.271,True
109,591,404,1758,2024-08-28 11:40:31.484,2024-10-09 06:04:30.271,True
118,547,403,23,2023-12-28 07:47:21.817,2024-10-09 06:04:30.271,False
135,547,374,1186,2023-12-02 12:51:50.214,2024-10-09 06:04:30.271,False
142,704,361,3162,2023-11-17 15:29:51.196,2024-10-09 06:04:30.271,False
157,595,398,1305,2024-02-24 23:14:02.073,2024-10-09 06:04:30.272,False
172,587,372,3409,2024-02-14 00:33:44.709,2024-10-09 06:04:30.273,True
184,587,357,2204,2024-06-14 05:24:44.038,2024-10-09 06:04:30.273,False
206,611,395,1465,2024-06-11 10:49:36.664,2024-10-09 06:04:30.273,True
220,688,335,3232,2024-03-15 00:38:35.552,2024-10-09 06:04:30.275,False
234,706,367,1955,2024-01-03 02:36:30.482,2024-10-09 06:04:30.279,True
251,696,390,1326,2023-10-13 08:53:22.383,2024-10-09 06:04:30.280,True
263,697,311,507,2024-09-16 21:44:02.797,2024-10-09 06:04:30.280,False
276,692,326,2894,2024-07-30 13:26:05.701,2024-10-09 06:04:30.280,False
284,701,368,1187,2024-03-01 05:10:01.120,2024-10-09 06:04:30.280,True
296,531,344,2509,2024-09-10 17:20:28.934,2024-10-09 06:04:30.281,True
310,535,366,2407,2023-10-31 01:46:30.522,2024-10-09 06:04:30.282,True
325,557,388,3094,2024-05-31 07:47:47.116,2024-10-09 06:04:30.296,False
346,571,382,1766,2024-09-23 23:42:36.519,2024-10-09 06:04:30.297,False
361,519,383,1727,2024-09-16 16:28:56.204,2024-10-09 06:04:30.297,True
374,708,328,1250,2024-03-06 20:35:48.945,2024-10-09 06:04:30.297,False
385,708,318,394,2024-02-27 06:35:02.054,2024-10-09 06:04:30.297,False
398,541,321,1456,2024-06-16 04:15:57.601,2024-10-09 06:04:30.297,True
413,553,311,1484,2023-10-14 21:27:48.116,2024-10-09 06:04:30.297,True
422,559,383,156,2024-05-11 00:57:53.303,2024-10-09 06:04:30.298,False
445,570,404,2853,2024-09-24 21:50:55.650,2024-10-09 06:04:30.298,True
453,572,366,1736,2023-12-02 00:37:47.796,2024-10-09 06:04:30.298,False
467,536,396,1071,2024-03-21 14:47:14.208,2024-10-09 06:04:30.299,True
482,538,346,1169,2023-11-17 01:49:07.299,2024-10-09 06:04:30.299,False
494,551,380,311,2024-03-18 03:00:14.182,2024-10-09 06:04:30.299,False
503,555,334,1386,2023-11-18 17:02:30.737,2024-10-09 06:04:30.300,True
513,558,394,1328,2024-08-21 10:00:37.198,2024-10-09 06:04:30.300,True
524,562,313,3187,2024-09-19 13:11:38.923,2024-10-09 06:04:30.300,False
537,566,383,1281,2023-12-24 17:25:49.852,2024-10-09 06:04:30.301,True
546,575,406,1434,2024-03-27 05:15:56.778,2024-10-09 06:04:30.301,True
560,628,329,1536,2024-03-12 14:58:15.160,2024-10-09 06:04:30.301,True
567,641,354,3294,2024-07-23 09:29:45.621,2024-10-09 06:04:30.301,False
577,644,342,2466,2023-12-02 16:59:23.699,2024-10-09 06:04:30.302,True
589,655,361,353,2024-08-09 16:26:55.489,2024-10-09 06:04:30.302,False
602,664,404,3598,2024-05-06 12:31:14.847,2024-10-09 06:04:30.302,False
614,679,345,918,2024-04-06 15:54:31.313,2024-10-09 06:04:30.303,False
626,567,372,2499,2024-07-28 08:05:09.475,2024-10-09 06:04:30.303,False
639,576,343,3248,2024-10-02 08:15:40.864,2024-10-09 06:04:30.303,True
650,593,338,2174,2024-01-22 22:23:17.176,2024-10-09 06:04:30.304,True
661,601,334,2430,2024-02-24 02:36:47.317,2024-10-09 06:04:30.304,False
670,607,315,3331,2024-07-24 10:38:47.352,2024-10-09 06:04:30.306,False
684,612,356,2805,2023-11-24 07:46:50.504,2024-10-09 06:04:30.308,True
694,618,346,536,2024-03-27 23:13:18.127,2024-10-09 06:04:30.309,False
720,586,316,2745,2024-07-14 09:33:15.998,2024-10-09 06:04:30.311,False
735,629,383,1758,2024-04-11 04:49:00.310,2024-10-09 06:04:30.315,True
742,633,368,2818,2024-01-02 22:27:10.652,2024-10-09 06:04:30.315,False
752,683,384,1045,2024-08-19 02:19:04.851,2024-10-09 06:04:30.315,True
764,646,323,3241,2024-04-28 17:57:18.959,2024-10-09 06:04:30.315,False
773,685,384,1136,2024-01-28 06:55:55.162,2024-10-09 06:04:30.316,True
778,685,400,3251,2024-02-24 16:17:17.774,2024-10-09 06:04:30.317,False
785,597,381,1785,2023-12-16 01:54:25.663,2024-10-09 06:04:30.317,True
788,597,336,1103,2024-06-06 14:30:43.138,2024-10-09 06:04:30.317,True
795,600,310,3597,2024-08-14 01:10:14.084,2024-10-09 06:04:30.317,False
799,600,342,2874,2024-03-07 15:11:10.398,2024-10-09 06:04:30.318,True
804,603,389,2881,2023-12-19 03:43:36.156,2024-10-09 06:04:30.318,False
809,609,317,80,2024-03-29 05:10:14.691,2024-10-09 06:04:30.318,True
822,617,402,2864,2024-08-27 04:29:27.674,2024-10-09 06:04:30.319,False
833,635,311,2608,2024-07-30 04:48:34.365,2024-10-09 06:04:30.319,False
845,624,369,3355,2024-04-02 11:15:45.968,2024-10-09 06:04:30.319,False
855,624,341,2478,2023-11-28 07:58:43.235,2024-10-09 06:04:30.319,True
861,627,360,2949,2024-03-06 11:33:50.010,2024-10-09 06:04:30.319,True
873,647,356,1197,2024-06-06 06:16:52.318,2024-10-09 06:04:30.319,False
886,625,367,329,2024-07-24 20:02:46.153,2024-10-09 06:04:30.321,False
898,631,322,2773,2023-10-22 18:08:59.213,2024-10-09 06:04:30.327,False
903,638,327,3578,2023-12-21 12:34:56.992,2024-10-09 06:04:30.327,True
914,642,330,2336,2024-05-17 21:48:30.969,2024-10-09 06:04:30.327,False
925,643,352,255,2024-04-02 01:13:18.831,2024-10-09 06:04:30.327,True
936,658,392,2650,2023-11-25 00:03:04.725,2024-10-09 06:04:30.327,False
945,663,313,1535,2024-01-01 18:26:06.714,2024-10-09 06:04:30.332,True
954,645,402,875,2023-10-30 01:44:50.107,2024-10-09 06:04:30.339,False
965,645,364,1816,2024-06-27 04:26:25.416,2024-10-09 06:04:30.339,True
978,659,353,2749,2024-09-27 18:32:01.655,2024-10-09 06:04:30.339,True
988,661,337,2040,2023-11-14 22:19:01.396,2024-10-09 06:04:30.339,True
1002,670,386,1033,2024-01-12 04:21:07.336,2024-10-09 06:04:30.339,False
1013,667,377,1993,2024-04-21 20:01:16.403,2024-10-09 06:04:30.339,False
1024,673,325,642,2024-07-14 09:18:20.543,2024-10-09 06:04:30.339,True
1032,672,321,1873,2023-10-16 05:21:38.168,2024-10-09 06:04:30.339,True
1049,677,377,1257,2024-09-23 05:03:48.967,2024-10-09 06:04:30.340,True
1060,678,399,2899,2024-03-16 19:10:59.877,2024-10-09 06:04:30.340,True
96,540,386,1578,2024-07-29 12:45:44.892,2024-10-09 06:04:30.271,False
103,512,318,2867,2024-01-04 07:42:25.002,2024-10-09 06:04:30.271,True
111,591,315,1384,2023-10-23 14:16:25.852,2024-10-09 06:04:30.271,False
122,533,341,425,2024-05-16 09:49:23.976,2024-10-09 06:04:30.271,False
131,526,333,2856,2024-09-23 11:01:53.422,2024-10-09 06:04:30.271,True
140,554,357,2272,2024-07-01 15:04:09.206,2024-10-09 06:04:30.271,False
156,595,319,1436,2024-04-08 02:15:14.025,2024-10-09 06:04:30.272,False
163,596,337,2537,2024-01-28 05:07:45.498,2024-10-09 06:04:30.273,True
177,596,394,829,2024-06-27 13:44:10.590,2024-10-09 06:04:30.273,True
190,599,346,1180,2024-09-17 07:38:35.284,2024-10-09 06:04:30.273,False
203,604,379,3514,2024-02-20 15:41:25.767,2024-10-09 06:04:30.273,False
212,689,378,1066,2024-09-05 14:33:37.250,2024-10-09 06:04:30.275,False
224,691,354,2248,2024-01-03 17:21:46.461,2024-10-09 06:04:30.275,False
239,698,320,1373,2023-11-21 06:56:12.636,2024-10-09 06:04:30.279,True
253,692,329,1172,2023-12-10 05:07:44.670,2024-10-09 06:04:30.280,True
261,697,399,2716,2023-11-18 04:46:18.773,2024-10-09 06:04:30.280,True
275,702,388,2594,2023-11-14 13:23:17.356,2024-10-09 06:04:30.280,True
285,701,337,1483,2023-12-13 02:44:56.431,2024-10-09 06:04:30.280,False
297,535,397,2610,2024-06-28 21:42:19.416,2024-10-09 06:04:30.281,True
318,549,338,1776,2024-06-13 22:28:28.826,2024-10-09 06:04:30.296,False
328,565,389,91,2024-01-30 14:07:19.064,2024-10-09 06:04:30.297,False
344,565,388,1534,2024-08-29 04:59:17.649,2024-10-09 06:04:30.297,True
353,579,399,450,2024-05-31 13:50:44.704,2024-10-09 06:04:30.297,False
371,525,342,578,2024-06-28 19:14:52.486,2024-10-09 06:04:30.297,False
384,534,383,3122,2023-10-20 20:15:30.384,2024-10-09 06:04:30.297,False
397,541,373,815,2023-11-07 03:17:32.908,2024-10-09 06:04:30.297,True
408,546,327,3082,2024-01-01 14:06:52.714,2024-10-09 06:04:30.297,True
421,556,348,807,2024-07-31 08:41:38.992,2024-10-09 06:04:30.298,True
434,569,356,1589,2024-01-03 02:35:56.754,2024-10-09 06:04:30.298,False
447,572,324,2975,2024-10-07 02:37:37.584,2024-10-09 06:04:30.298,True
458,528,352,285,2024-04-03 06:25:16.545,2024-10-09 06:04:30.298,True
473,537,375,1955,2024-06-03 15:12:36.751,2024-10-09 06:04:30.299,False
487,548,331,1348,2024-09-16 23:47:09.141,2024-10-09 06:04:30.299,False
497,551,362,3548,2024-06-01 23:53:15.882,2024-10-09 06:04:30.299,False
509,558,381,585,2024-01-09 19:20:29.414,2024-10-09 06:04:30.300,True
521,562,317,2925,2024-08-09 00:19:11.515,2024-10-09 06:04:30.300,False
531,563,312,184,2023-12-02 17:11:23.909,2024-10-09 06:04:30.301,True
545,566,312,1723,2024-01-26 09:02:41.737,2024-10-09 06:04:30.301,True
557,628,341,896,2024-05-05 13:58:05.849,2024-10-09 06:04:30.301,True
569,634,377,3347,2024-04-04 10:05:51.389,2024-10-09 06:04:30.301,True
585,648,339,331,2023-12-06 15:01:03.028,2024-10-09 06:04:30.302,False
598,660,338,672,2024-09-02 18:01:54.726,2024-10-09 06:04:30.302,False
609,679,406,768,2024-01-01 21:29:54.006,2024-10-09 06:04:30.303,True
621,567,320,56,2024-09-08 13:33:11.676,2024-10-09 06:04:30.303,True
630,567,319,2049,2024-05-25 21:59:48.254,2024-10-09 06:04:30.303,False
642,578,349,2419,2024-01-18 04:38:14.848,2024-10-09 06:04:30.303,False
655,594,343,2551,2023-11-22 09:33:03.158,2024-10-09 06:04:30.304,True
666,606,350,412,2024-04-25 09:38:24.891,2024-10-09 06:04:30.305,False
677,612,313,2358,2023-11-14 12:30:58.978,2024-10-09 06:04:30.308,True
692,616,327,1939,2024-03-06 20:20:23.125,2024-10-09 06:04:30.309,True
704,586,398,2392,2024-07-01 09:32:55.029,2024-10-09 06:04:30.311,False
710,588,342,798,2024-03-03 16:58:45.645,2024-10-09 06:04:30.311,True
730,622,334,2571,2024-01-03 12:40:14.249,2024-10-09 06:04:30.313,False
746,633,319,2836,2024-05-28 14:49:05.243,2024-10-09 06:04:30.315,True
820,617,350,1207,2024-05-01 08:25:10.704,2024-10-09 06:04:30.319,False
834,635,323,3427,2024-06-15 08:19:14.736,2024-10-09 06:04:30.319,False
846,624,401,432,2024-01-16 06:59:54.582,2024-10-09 06:04:30.319,True
856,624,360,2311,2023-12-21 15:32:29.555,2024-10-09 06:04:30.319,True
866,632,342,2726,2023-10-13 19:22:15.482,2024-10-09 06:04:30.319,False
879,647,309,1078,2024-06-09 06:49:57.174,2024-10-09 06:04:30.320,True
891,631,325,2445,2024-01-29 09:12:18.547,2024-10-09 06:04:30.321,True
905,638,341,2683,2023-10-11 21:48:32.591,2024-10-09 06:04:30.327,True
919,642,337,2396,2024-02-09 08:15:11.140,2024-10-09 06:04:30.327,True
933,650,368,1613,2024-09-12 18:56:58.023,2024-10-09 06:04:30.327,False
941,658,313,2717,2024-05-26 11:24:53.170,2024-10-09 06:04:30.327,False
956,652,406,3494,2024-02-15 12:55:30.878,2024-10-09 06:04:30.339,False
967,656,314,2544,2024-04-25 23:53:13.917,2024-10-09 06:04:30.339,True
981,662,390,3558,2024-09-29 10:51:14.274,2024-10-09 06:04:30.339,False
992,657,349,2459,2023-12-05 06:14:22.311,2024-10-09 06:04:30.339,False
1006,670,342,3483,2023-12-29 01:07:18.976,2024-10-09 06:04:30.339,False
1014,673,323,1137,2024-09-27 14:24:55.223,2024-10-09 06:04:30.339,True
1037,671,354,1967,2023-11-26 13:47:06.001,2024-10-09 06:04:30.339,True
1043,676,380,3289,2023-11-08 13:58:58.609,2024-10-09 06:04:30.340,False
1056,678,351,1823,2024-04-07 16:27:08.882,2024-10-09 06:04:30.340,False
1069,681,395,513,2024-09-27 06:55:44.850,2024-10-09 06:04:30.340,False
89,543,334,1117,2024-07-22 19:16:38.618,2024-10-09 06:04:30.271,False
107,512,382,753,2024-08-12 23:00:44.640,2024-10-09 06:04:30.271,False
115,704,364,2180,2024-04-01 18:37:20.093,2024-10-09 06:04:30.271,False
127,704,346,2993,2023-12-15 18:26:42.511,2024-10-09 06:04:30.271,False
139,705,370,2911,2024-05-02 17:28:23.137,2024-10-09 06:04:30.271,True
152,589,318,909,2023-12-10 04:42:51.197,2024-10-09 06:04:30.272,True
166,584,344,1762,2024-06-07 01:28:49.305,2024-10-09 06:04:30.273,False
176,596,396,1144,2024-01-30 04:41:37.316,2024-10-09 06:04:30.273,True
192,599,308,2305,2024-10-08 09:17:22.305,2024-10-09 06:04:30.273,True
198,611,332,3247,2024-05-16 23:39:32.606,2024-10-09 06:04:30.273,False
209,689,404,1708,2024-07-23 02:25:25.486,2024-10-09 06:04:30.274,True
222,688,321,1627,2023-12-24 08:32:48.543,2024-10-09 06:04:30.275,True
238,706,335,2750,2024-06-25 16:34:40.764,2024-10-09 06:04:30.279,False
248,698,375,287,2024-02-15 10:00:52.178,2024-10-09 06:04:30.280,False
260,696,333,1356,2024-01-14 10:27:35.270,2024-10-09 06:04:30.280,False
278,695,378,1917,2023-11-12 22:31:31.395,2024-10-09 06:04:30.280,True
291,531,392,1968,2023-11-22 20:27:15.277,2024-10-09 06:04:30.280,True
306,535,399,2584,2023-10-10 19:54:49.272,2024-10-09 06:04:30.282,False
319,549,397,2251,2024-06-15 17:53:23.317,2024-10-09 06:04:30.296,False
329,557,370,983,2023-12-13 23:19:34.430,2024-10-09 06:04:30.297,False
340,574,356,498,2024-05-22 02:04:21.994,2024-10-09 06:04:30.297,False
356,517,325,1748,2024-05-19 13:34:23.715,2024-10-09 06:04:30.297,False
365,574,394,927,2024-04-28 22:26:38.984,2024-10-09 06:04:30.297,False
382,525,339,69,2024-08-17 19:58:00.645,2024-10-09 06:04:30.297,True
395,534,371,1588,2024-05-07 00:38:56.370,2024-10-09 06:04:30.297,True
420,556,363,2756,2024-04-15 08:08:17.845,2024-10-09 06:04:30.298,True
424,556,326,1805,2023-12-25 20:29:48.958,2024-10-09 06:04:30.298,False
441,570,380,317,2024-06-29 22:16:23.541,2024-10-09 06:04:30.298,True
455,528,333,1744,2024-04-13 00:36:19.071,2024-10-09 06:04:30.298,False
470,537,313,2830,2024-09-03 16:58:34.503,2024-10-09 06:04:30.299,False
478,538,329,3443,2023-12-24 19:33:34.067,2024-10-09 06:04:30.299,False
491,548,333,3489,2023-12-12 10:30:51.771,2024-10-09 06:04:30.299,False
507,555,384,3254,2023-11-29 07:55:10.524,2024-10-09 06:04:30.300,True
518,558,403,1614,2024-04-03 12:42:58.393,2024-10-09 06:04:30.300,True
529,563,315,396,2024-03-10 14:22:29.940,2024-10-09 06:04:30.301,False
540,575,389,1798,2024-06-03 20:13:48.557,2024-10-09 06:04:30.301,True
553,590,362,2879,2024-03-02 22:28:58.117,2024-10-09 06:04:30.301,True
570,641,375,120,2024-04-18 12:08:32.348,2024-10-09 06:04:30.302,True
581,644,341,3595,2024-02-28 10:39:13.049,2024-10-09 06:04:30.302,True
592,660,363,187,2024-03-05 19:49:15.584,2024-10-09 06:04:30.302,True
606,664,335,3093,2023-12-26 08:58:43.176,2024-10-09 06:04:30.302,True
617,664,370,1101,2023-11-15 16:18:26.787,2024-10-09 06:04:30.303,True
632,573,310,3096,2023-10-15 14:45:21.935,2024-10-09 06:04:30.303,True
645,582,335,337,2024-02-12 00:41:33.888,2024-10-09 06:04:30.304,False
656,594,331,3051,2024-08-16 21:19:50.451,2024-10-09 06:04:30.304,True
665,601,368,451,2024-02-09 15:37:05.278,2024-10-09 06:04:30.305,False
675,607,340,774,2024-09-01 07:44:39.070,2024-10-09 06:04:30.308,True
686,613,380,2389,2024-09-06 08:27:32.470,2024-10-09 06:04:30.309,True
700,583,376,2487,2024-05-15 11:10:36.911,2024-10-09 06:04:30.311,False
713,588,335,3451,2023-10-29 22:26:02.916,2024-10-09 06:04:30.311,False
736,629,382,606,2024-09-02 20:02:37.695,2024-10-09 06:04:30.315,False
749,640,364,3224,2024-08-17 04:57:28.073,2024-10-09 06:04:30.315,False
760,686,385,3254,2024-07-28 16:42:11.107,2024-10-09 06:04:30.315,False
771,684,400,125,2024-03-24 08:50:14.122,2024-10-09 06:04:30.316,False
776,685,360,1675,2024-02-16 13:19:21.353,2024-10-09 06:04:30.316,False
783,597,358,3154,2024-07-09 01:20:28.878,2024-10-09 06:04:30.317,False
790,608,373,2978,2023-12-09 14:11:51.104,2024-10-09 06:04:30.317,True
794,600,313,250,2023-10-20 04:47:38.465,2024-10-09 06:04:30.317,False
800,600,377,3159,2024-02-02 11:53:49.916,2024-10-09 06:04:30.318,True
806,603,390,869,2024-03-26 23:52:38.988,2024-10-09 06:04:30.318,False
811,610,373,3128,2024-07-01 19:33:22.403,2024-10-09 06:04:30.318,False
823,617,381,1354,2024-06-30 21:07:09.465,2024-10-09 06:04:30.319,True
835,635,343,3283,2024-09-26 14:06:57.677,2024-10-09 06:04:30.319,False
848,623,377,1020,2024-03-04 00:40:04.948,2024-10-09 06:04:30.319,False
872,639,391,2111,2023-10-21 18:46:27.745,2024-10-09 06:04:30.319,True
881,653,346,287,2024-09-26 18:14:06.913,2024-10-09 06:04:30.320,True
893,631,355,1396,2024-09-18 20:53:01.905,2024-10-09 06:04:30.321,True
910,638,381,3412,2024-07-02 20:02:54.408,2024-10-09 06:04:30.327,False
921,642,406,1046,2023-10-10 06:11:59.032,2024-10-09 06:04:30.327,True
931,654,346,2444,2023-11-27 19:56:07.605,2024-10-09 06:04:30.327,False
952,663,335,2896,2024-06-08 08:38:19.643,2024-10-09 06:04:30.335,True
960,645,355,496,2024-02-17 01:09:07.348,2024-10-09 06:04:30.339,True
971,659,361,1303,2024-05-07 04:50:26.254,2024-10-09 06:04:30.339,True
980,662,336,2839,2024-09-29 02:18:59.144,2024-10-09 06:04:30.339,True
984,659,392,10,2024-06-01 20:26:19.774,2024-10-09 06:04:30.339,False
997,668,371,897,2024-05-29 12:37:04.416,2024-10-09 06:04:30.339,False
1010,673,336,3402,2024-01-26 17:24:49.148,2024-10-09 06:04:30.339,True
1023,667,331,2594,2024-09-03 07:59:38.531,2024-10-09 06:04:30.339,True
1033,672,364,1614,2024-03-18 14:26:56.160,2024-10-09 06:04:30.339,True
1045,675,387,1352,2024-04-18 01:25:14.109,2024-10-09 06:04:30.340,False
1065,680,380,891,2024-03-03 15:21:32.388,2024-10-09 06:04:30.340,True
92,524,361,2264,2024-05-26 08:13:08.165,2024-10-09 06:04:30.271,False
116,533,354,1849,2024-03-07 23:03:15.059,2024-10-09 06:04:30.271,True
126,544,373,2387,2024-03-15 00:30:33.593,2024-10-09 06:04:30.271,True
146,591,400,1105,2024-03-16 03:44:23.536,2024-10-09 06:04:30.272,False
150,589,308,1339,2024-08-08 06:53:39.901,2024-10-09 06:04:30.272,True
165,707,404,239,2024-06-21 17:12:12.621,2024-10-09 06:04:30.273,True
179,596,368,2332,2024-01-31 09:56:46.256,2024-10-09 06:04:30.273,False
183,707,359,3119,2024-03-13 13:09:01.996,2024-10-09 06:04:30.273,True
196,611,390,75,2024-06-09 05:34:34.782,2024-10-09 06:04:30.273,False
214,689,319,1153,2024-09-20 02:21:17.221,2024-10-09 06:04:30.275,True
229,706,386,662,2024-10-09 05:55:07.427,2024-10-09 06:04:30.275,False
244,698,354,2230,2024-01-06 14:17:00.338,2024-10-09 06:04:30.280,True
255,692,376,1554,2024-01-19 20:41:45.564,2024-10-09 06:04:30.280,True
269,696,316,962,2024-08-28 06:02:50.558,2024-10-09 06:04:30.280,True
290,531,376,684,2024-08-12 13:35:02.323,2024-10-09 06:04:30.280,False
300,695,355,423,2024-07-22 11:15:03.087,2024-10-09 06:04:30.281,True
311,535,332,1776,2024-02-20 03:06:20.387,2024-10-09 06:04:30.282,False
324,557,396,3283,2023-12-27 10:15:28.327,2024-10-09 06:04:30.296,False
341,565,393,159,2024-05-29 09:02:43.605,2024-10-09 06:04:30.297,True
349,708,337,2653,2023-11-16 20:14:08.192,2024-10-09 06:04:30.297,True
362,517,339,2709,2024-04-27 13:08:51.617,2024-10-09 06:04:30.297,False
380,534,361,2470,2024-01-24 12:55:25.601,2024-10-09 06:04:30.297,False
394,534,360,517,2024-01-31 07:24:12.140,2024-10-09 06:04:30.297,False
405,542,310,799,2024-09-28 21:15:12.234,2024-10-09 06:04:30.297,True
418,553,403,2325,2024-05-16 12:10:09.686,2024-10-09 06:04:30.298,False
429,561,396,3398,2024-02-15 03:28:36.403,2024-10-09 06:04:30.298,False
446,570,334,1684,2024-09-07 05:13:03.808,2024-10-09 06:04:30.298,True
452,572,365,1309,2024-08-13 16:09:50.493,2024-10-09 06:04:30.298,True
463,536,387,2132,2024-04-17 08:37:26.532,2024-10-09 06:04:30.299,False
505,548,316,1259,2023-11-05 10:52:25.278,2024-10-09 06:04:30.299,True
590,655,340,2728,2023-12-28 10:51:00.661,2024-10-09 06:04:30.302,True
597,660,381,1934,2024-02-12 23:02:03.683,2024-10-09 06:04:30.302,True
610,664,399,1045,2024-07-10 02:21:33.724,2024-10-09 06:04:30.303,False
624,567,314,2733,2024-05-11 02:06:43.475,2024-10-09 06:04:30.303,False
636,573,405,132,2023-10-24 20:57:38.007,2024-10-09 06:04:30.303,False
647,592,332,2803,2024-01-20 06:10:39.535,2024-10-09 06:04:30.304,False
660,601,337,1841,2023-11-20 14:45:02.885,2024-10-09 06:04:30.304,False
669,606,366,1232,2023-11-05 11:51:13.869,2024-10-09 06:04:30.305,True
682,612,360,1372,2024-01-20 10:06:07.483,2024-10-09 06:04:30.308,True
695,619,327,2573,2024-03-18 07:45:03.691,2024-10-09 06:04:30.309,False
709,581,320,2877,2023-10-30 14:41:07.978,2024-10-09 06:04:30.311,True
722,602,373,749,2024-09-14 10:01:48.470,2024-10-09 06:04:30.312,False
723,602,392,2416,2024-02-05 10:09:47.580,2024-10-09 06:04:30.312,True
733,629,329,2665,2024-10-08 13:17:57.574,2024-10-09 06:04:30.314,True
743,633,390,1162,2024-01-05 02:00:43.099,2024-10-09 06:04:30.315,True
757,683,358,245,2023-10-20 15:53:26.081,2024-10-09 06:04:30.315,True
765,682,394,3365,2024-06-26 07:50:36.752,2024-10-09 06:04:30.315,False
812,610,315,3008,2024-07-19 00:57:04.596,2024-10-09 06:04:30.318,True
826,617,311,1548,2023-10-25 03:05:30.802,2024-10-09 06:04:30.319,False
839,623,368,3557,2023-10-27 15:50:23.816,2024-10-09 06:04:30.319,True
852,624,315,2497,2024-06-22 23:08:36.564,2024-10-09 06:04:30.319,True
863,636,398,1770,2023-12-05 23:00:58.174,2024-10-09 06:04:30.319,False
878,653,336,1566,2023-11-29 03:41:23.113,2024-10-09 06:04:30.320,False
897,626,340,1224,2024-04-24 00:30:17.174,2024-10-09 06:04:30.321,True
907,638,336,2985,2023-12-02 20:49:09.401,2024-10-09 06:04:30.327,False
915,642,380,3242,2024-02-14 22:20:38.635,2024-10-09 06:04:30.327,True
928,650,326,501,2023-10-15 12:45:51.674,2024-10-09 06:04:30.327,False
943,658,374,1457,2024-05-06 02:25:37.031,2024-10-09 06:04:30.327,True
955,645,346,3025,2024-08-18 20:28:10.292,2024-10-09 06:04:30.339,False
964,651,325,2918,2023-12-18 05:37:05.155,2024-10-09 06:04:30.339,False
970,656,341,1976,2023-12-25 23:36:22.133,2024-10-09 06:04:30.339,True
982,657,396,995,2024-07-16 04:54:16.599,2024-10-09 06:04:30.339,True
994,668,315,2370,2024-10-08 01:54:13.754,2024-10-09 06:04:30.339,False
1000,668,337,2204,2024-06-08 07:49:15.052,2024-10-09 06:04:30.339,True
1011,667,371,909,2024-09-02 02:13:17.043,2024-10-09 06:04:30.339,True
1020,667,397,3237,2024-09-16 20:36:55.812,2024-10-09 06:04:30.339,False
1030,672,362,2862,2024-08-05 07:16:47.279,2024-10-09 06:04:30.339,True
1046,675,392,2630,2024-03-08 20:24:15.085,2024-10-09 06:04:30.340,True
1055,678,368,3017,2024-01-01 20:47:57.817,2024-10-09 06:04:30.340,True
1071,680,370,1254,2024-05-13 08:25:09.958,2024-10-09 06:04:30.340,True
90,543,379,598,2024-10-05 02:05:04.780,2024-10-09 06:04:30.271,False
104,545,309,478,2024-04-02 02:54:50.335,2024-10-09 06:04:30.271,True
113,591,322,1122,2024-08-26 20:45:09.230,2024-10-09 06:04:30.271,False
125,529,348,3375,2023-10-14 23:45:31.532,2024-10-09 06:04:30.271,True
136,526,387,826,2023-10-21 06:12:16.508,2024-10-09 06:04:30.271,False
149,589,388,2571,2024-07-31 09:30:02.648,2024-10-09 06:04:30.272,True
162,595,315,449,2024-08-22 19:55:58.866,2024-10-09 06:04:30.273,False
174,707,321,1887,2024-03-10 16:08:54.855,2024-10-09 06:04:30.273,False
189,587,397,1709,2023-10-22 03:09:28.312,2024-10-09 06:04:30.273,False
200,599,373,26,2024-06-11 09:28:07.848,2024-10-09 06:04:30.273,False
210,689,342,1482,2024-07-18 11:29:28.216,2024-10-09 06:04:30.275,True
226,691,330,1013,2024-05-06 20:32:57.778,2024-10-09 06:04:30.275,False
241,706,382,199,2024-05-22 15:56:39.843,2024-10-09 06:04:30.280,True
265,695,381,377,2024-02-03 18:36:05.087,2024-10-09 06:04:30.280,True
277,702,345,3157,2024-07-02 08:12:30.821,2024-10-09 06:04:30.280,True
283,692,406,322,2024-05-25 15:09:35.583,2024-10-09 06:04:30.280,False
302,535,320,1072,2024-08-30 02:44:15.031,2024-10-09 06:04:30.282,False
316,549,343,189,2024-09-21 04:16:04.620,2024-10-09 06:04:30.296,False
330,565,332,2573,2024-07-14 19:47:11.837,2024-10-09 06:04:30.297,True
339,571,390,387,2024-04-10 17:10:02.554,2024-10-09 06:04:30.297,False
352,579,360,2291,2023-12-28 04:02:54.432,2024-10-09 06:04:30.297,False
366,525,360,2114,2024-06-13 09:21:36.310,2024-10-09 06:04:30.297,True
377,532,312,2249,2024-08-15 12:39:20.055,2024-10-09 06:04:30.297,False
391,541,371,2226,2024-03-19 06:00:25.490,2024-10-09 06:04:30.297,True
399,532,311,2454,2023-12-02 04:19:59.129,2024-10-09 06:04:30.297,True
409,546,376,716,2024-09-13 18:12:51.495,2024-10-09 06:04:30.297,True
431,564,342,560,2024-03-11 08:46:06.759,2024-10-09 06:04:30.298,True
442,570,363,3488,2024-03-29 03:21:46.207,2024-10-09 06:04:30.298,False
457,528,329,3553,2024-06-26 05:25:14.875,2024-10-09 06:04:30.298,False
471,537,341,3536,2024-09-04 23:58:03.409,2024-10-09 06:04:30.299,True
483,548,312,635,2023-12-20 02:39:58.474,2024-10-09 06:04:30.299,False
492,550,375,126,2024-03-18 10:57:43.724,2024-10-09 06:04:30.299,True
504,555,332,1234,2023-10-13 09:39:41.323,2024-10-09 06:04:30.299,False
519,558,342,2965,2024-10-01 08:22:14.941,2024-10-09 06:04:30.300,False
532,563,372,3592,2024-06-12 06:38:04.518,2024-10-09 06:04:30.301,False
548,580,323,1309,2023-12-31 00:08:11.495,2024-10-09 06:04:30.301,True
562,628,346,2742,2024-02-24 17:18:31.389,2024-10-09 06:04:30.301,True
574,641,327,1252,2023-11-20 00:26:17.615,2024-10-09 06:04:30.302,False
587,655,355,1123,2024-09-26 01:30:14.755,2024-10-09 06:04:30.302,True
599,664,351,1916,2024-09-01 16:09:55.715,2024-10-09 06:04:30.302,True
611,679,405,2634,2024-07-04 16:58:48.991,2024-10-09 06:04:30.303,True
625,568,332,676,2023-10-22 09:10:09.051,2024-10-09 06:04:30.303,True
635,576,396,2530,2024-06-10 08:50:18.103,2024-10-09 06:04:30.303,True
649,593,337,2876,2024-06-01 23:48:57.344,2024-10-09 06:04:30.304,True
662,601,367,857,2024-03-03 17:56:41.455,2024-10-09 06:04:30.304,True
674,607,318,2167,2024-01-18 05:54:55.613,2024-10-09 06:04:30.308,True
687,613,334,376,2024-01-21 01:29:32.077,2024-10-09 06:04:30.309,True
699,583,349,296,2023-12-20 16:08:56.587,2024-10-09 06:04:30.311,False
716,586,364,3351,2023-12-29 00:50:19.888,2024-10-09 06:04:30.311,True
724,622,369,1444,2024-02-04 11:13:53.766,2024-10-09 06:04:30.313,False
737,629,353,3158,2023-11-13 02:17:58.875,2024-10-09 06:04:30.315,True
748,633,385,1321,2023-12-30 08:07:29.640,2024-10-09 06:04:30.315,True
817,610,398,140,2024-06-18 01:09:29.062,2024-10-09 06:04:30.318,True
830,620,322,2933,2024-10-08 11:44:12.082,2024-10-09 06:04:30.319,True
844,624,376,2831,2024-08-08 19:15:30.494,2024-10-09 06:04:30.319,False
850,635,327,3168,2024-06-11 01:14:32.172,2024-10-09 06:04:30.319,True
864,636,356,2471,2024-08-28 19:41:53.955,2024-10-09 06:04:30.319,False
880,653,368,1972,2024-10-06 02:41:47.836,2024-10-09 06:04:30.320,False
890,631,406,3162,2024-08-07 12:51:49.671,2024-10-09 06:04:30.321,False
902,638,351,520,2023-11-04 00:47:55.246,2024-10-09 06:04:30.327,True
918,642,324,3175,2024-04-20 00:15:23.789,2024-10-09 06:04:30.327,False
938,658,351,1769,2024-06-27 04:50:28.742,2024-10-09 06:04:30.327,True
951,665,360,1741,2024-05-17 12:28:03.259,2024-10-09 06:04:30.338,True
961,645,328,1067,2024-09-27 15:11:13.319,2024-10-09 06:04:30.339,True
974,659,340,1302,2023-12-23 09:18:41.679,2024-10-09 06:04:30.339,False
985,662,334,1889,2024-08-29 19:11:06.589,2024-10-09 06:04:30.339,False
999,668,338,1477,2024-01-18 13:41:39.673,2024-10-09 06:04:30.339,False
1008,673,362,1339,2023-11-04 17:16:40.352,2024-10-09 06:04:30.339,False
1018,673,354,2830,2024-02-29 22:47:00.896,2024-10-09 06:04:30.339,False
1029,672,331,2890,2023-11-09 09:17:59.359,2024-10-09 06:04:30.339,False
1054,677,385,2145,2024-01-12 06:54:09.676,2024-10-09 06:04:30.340,False
1066,680,337,1367,2023-11-14 00:34:40.500,2024-10-09 06:04:30.340,True
100,518,323,2262,2023-10-18 20:15:17.555,2024-10-09 06:04:30.271,True
112,545,370,1161,2024-01-09 07:43:55.776,2024-10-09 06:04:30.271,False
119,529,325,2452,2024-07-29 17:10:59.033,2024-10-09 06:04:30.271,False
132,526,386,1380,2023-10-19 20:08:57.327,2024-10-09 06:04:30.271,False
137,554,398,1884,2024-02-17 20:44:40.840,2024-10-09 06:04:30.271,False
155,595,383,1119,2024-04-09 20:47:59.724,2024-10-09 06:04:30.272,False
169,584,314,2524,2024-08-04 07:33:17.386,2024-10-09 06:04:30.273,True
182,707,390,3383,2024-03-30 07:38:59.575,2024-10-09 06:04:30.273,True
195,599,361,676,2024-09-25 04:39:51.399,2024-10-09 06:04:30.273,False
208,689,359,890,2024-05-05 10:32:09.945,2024-10-09 06:04:30.274,True
221,688,401,1402,2024-02-08 23:58:45.811,2024-10-09 06:04:30.275,False
233,688,362,555,2024-05-11 13:01:59.142,2024-10-09 06:04:30.275,False
245,694,356,643,2024-04-30 04:11:32.764,2024-10-09 06:04:30.280,False
257,697,355,3049,2024-08-26 01:02:58.706,2024-10-09 06:04:30.280,True
270,702,346,3492,2024-02-24 06:15:53.598,2024-10-09 06:04:30.280,False
289,692,399,3373,2023-11-06 11:32:00.451,2024-10-09 06:04:30.280,True
295,535,328,286,2023-10-19 01:42:01.421,2024-10-09 06:04:30.281,False
308,549,339,221,2023-10-12 17:03:08.645,2024-10-09 06:04:30.282,False
321,552,339,1452,2023-12-29 01:54:26.591,2024-10-09 06:04:30.296,False
333,571,310,3275,2023-11-27 03:44:19.937,2024-10-09 06:04:30.297,False
343,565,382,3397,2024-09-10 05:59:59.962,2024-10-09 06:04:30.297,False
358,519,404,2897,2024-03-03 07:16:11.262,2024-10-09 06:04:30.297,True
369,525,312,1811,2024-08-01 06:55:22.924,2024-10-09 06:04:30.297,False
378,525,364,1569,2023-10-26 14:47:07.117,2024-10-09 06:04:30.297,False
392,579,377,1573,2024-03-23 13:12:02.033,2024-10-09 06:04:30.297,False
404,541,382,3053,2024-09-19 09:12:57.312,2024-10-09 06:04:30.297,True
417,556,386,2953,2024-01-17 05:49:44.558,2024-10-09 06:04:30.298,False
423,559,361,1740,2024-03-18 23:27:51.506,2024-10-09 06:04:30.298,False
444,570,322,2338,2024-05-16 22:38:24.387,2024-10-09 06:04:30.298,False
456,528,319,3464,2024-05-16 16:10:50.982,2024-10-09 06:04:30.298,False
465,530,372,810,2023-11-13 17:57:45.059,2024-10-09 06:04:30.299,False
476,538,390,1107,2024-09-08 04:01:40.800,2024-10-09 06:04:30.299,False
485,548,349,1860,2024-08-29 04:32:38.915,2024-10-09 06:04:30.299,True
498,555,340,716,2023-12-25 00:20:07.263,2024-10-09 06:04:30.299,True
511,558,321,1843,2024-08-17 13:07:09.827,2024-10-09 06:04:30.300,True
523,562,336,1733,2024-04-12 10:12:06.654,2024-10-09 06:04:30.300,False
538,566,311,1213,2024-07-27 07:01:56.812,2024-10-09 06:04:30.301,True
543,575,355,1807,2023-11-03 12:27:00.669,2024-10-09 06:04:30.301,True
552,621,385,313,2024-07-22 11:12:07.618,2024-10-09 06:04:30.301,False
564,634,325,1856,2024-04-28 00:36:45.484,2024-10-09 06:04:30.301,False
576,641,353,1922,2024-06-06 16:05:54.934,2024-10-09 06:04:30.302,True
584,648,338,159,2024-05-08 20:40:31.797,2024-10-09 06:04:30.302,True
601,660,384,2281,2024-07-15 04:06:22.057,2024-10-09 06:04:30.302,True
605,664,378,2093,2024-09-15 16:55:04.512,2024-10-09 06:04:30.302,True
615,679,339,2459,2024-09-19 21:51:14.370,2024-10-09 06:04:30.303,True
633,568,366,3176,2024-06-22 08:03:46.376,2024-10-09 06:04:30.303,True
646,585,318,610,2024-06-11 05:10:11.949,2024-10-09 06:04:30.304,False
657,598,367,2077,2024-02-29 10:35:24.572,2024-10-09 06:04:30.304,False
671,607,332,3548,2024-08-13 01:22:11.237,2024-10-09 06:04:30.308,False
683,612,351,3447,2023-10-27 07:42:55.951,2024-10-09 06:04:30.308,True
697,581,313,1508,2024-05-26 23:01:31.278,2024-10-09 06:04:30.311,False
707,586,319,3156,2024-09-13 23:50:36.342,2024-10-09 06:04:30.311,True
718,586,348,1513,2024-03-05 00:57:09.862,2024-10-09 06:04:30.311,True
728,629,363,838,2024-08-13 13:41:27.207,2024-10-09 06:04:30.313,False
740,633,313,1265,2024-04-07 11:59:39.513,2024-10-09 06:04:30.315,True
750,640,347,2566,2024-06-19 18:52:41.714,2024-10-09 06:04:30.315,False
761,683,360,1592,2024-08-14 00:02:26.628,2024-10-09 06:04:30.315,False
767,684,351,210,2024-02-02 14:01:20.035,2024-10-09 06:04:30.315,False
775,685,316,1700,2024-02-07 11:22:45.606,2024-10-09 06:04:30.316,True
781,597,391,1258,2023-10-17 23:55:54.063,2024-10-09 06:04:30.317,True
789,597,344,3139,2024-08-09 23:28:34.638,2024-10-09 06:04:30.317,True
796,600,320,2542,2024-04-05 13:20:46.965,2024-10-09 06:04:30.317,True
801,603,352,491,2024-09-02 04:06:49.860,2024-10-09 06:04:30.318,False
808,609,309,1542,2024-09-07 05:44:23.362,2024-10-09 06:04:30.318,False
813,614,377,1614,2024-04-24 11:41:10.360,2024-10-09 06:04:30.318,True
829,620,358,1744,2024-07-19 08:26:52.172,2024-10-09 06:04:30.319,True
842,623,315,2353,2024-03-26 12:11:42.954,2024-10-09 06:04:30.319,True
857,627,319,2002,2024-02-10 16:28:14.004,2024-10-09 06:04:30.319,True
870,639,316,1498,2024-08-12 14:19:19.688,2024-10-09 06:04:30.319,False
882,647,398,2351,2024-02-19 23:18:00.803,2024-10-09 06:04:30.320,False
892,630,404,3051,2024-04-19 18:08:57.482,2024-10-09 06:04:30.321,False
906,638,376,1105,2024-02-15 19:04:48.536,2024-10-09 06:04:30.327,False
917,643,357,2504,2024-06-25 07:36:27.857,2024-10-09 06:04:30.327,True
934,650,385,1810,2024-03-10 20:59:38.842,2024-10-09 06:04:30.327,True
1028,645,343,2083,2024-03-30 00:51:43.213,2024-10-09 06:04:30.339,True
1042,674,309,2025,2024-07-31 11:03:22.430,2024-10-09 06:04:30.340,False
1063,677,405,2381,2024-09-29 14:55:13.071,2024-10-09 06:04:30.340,False
1074,681,362,2017,2023-10-20 05:26:43.508,2024-10-09 06:04:30.340,False
99,540,349,2254,2024-03-27 05:18:24.239,2024-10-09 06:04:30.271,True
121,526,364,631,2024-02-10 22:52:13.287,2024-10-09 06:04:30.271,True
134,547,356,2532,2024-05-21 06:46:52.360,2024-10-09 06:04:30.271,True
141,704,391,1586,2024-07-05 15:23:48.167,2024-10-09 06:04:30.271,True
153,589,323,1228,2024-09-12 22:49:15.594,2024-10-09 06:04:30.272,False
168,707,352,1028,2024-07-09 02:15:41.112,2024-10-09 06:04:30.273,False
175,584,385,3268,2024-05-30 05:42:33.435,2024-10-09 06:04:30.273,False
191,599,324,1642,2023-10-23 22:42:56.661,2024-10-09 06:04:30.273,True
204,605,346,3583,2024-06-19 13:24:59.631,2024-10-09 06:04:30.273,True
215,689,316,3186,2023-11-28 23:52:55.245,2024-10-09 06:04:30.275,True
232,688,326,1972,2024-03-03 18:51:36.067,2024-10-09 06:04:30.275,False
236,706,340,2317,2024-07-11 07:33:01.584,2024-10-09 06:04:30.279,False
249,698,318,1414,2023-10-24 14:19:34.104,2024-10-09 06:04:30.280,True
266,700,354,2466,2024-01-27 22:37:55.426,2024-10-09 06:04:30.280,False
273,701,377,3061,2024-05-29 07:21:53.309,2024-10-09 06:04:30.280,False
286,703,368,2639,2024-05-21 06:40:02.238,2024-10-09 06:04:30.280,True
299,692,394,3538,2024-08-07 00:31:04.134,2024-10-09 06:04:30.281,False
313,549,404,1330,2024-06-04 01:17:06.094,2024-10-09 06:04:30.296,True
331,557,349,2134,2024-06-15 05:13:23.968,2024-10-09 06:04:30.297,False
345,574,400,2806,2024-06-07 01:46:55.306,2024-10-09 06:04:30.297,False
359,519,338,3297,2024-08-29 06:06:00.096,2024-10-09 06:04:30.297,False
363,571,330,93,2024-02-25 11:42:39.815,2024-10-09 06:04:30.297,False
376,534,326,1426,2024-02-05 19:52:07.780,2024-10-09 06:04:30.297,True
386,539,334,562,2024-02-09 11:45:15.645,2024-10-09 06:04:30.297,False
400,532,371,2483,2023-11-15 23:48:07.267,2024-10-09 06:04:30.297,False
415,553,341,2074,2023-11-05 05:35:51.904,2024-10-09 06:04:30.298,True
425,556,341,2695,2024-10-05 07:00:12.363,2024-10-09 06:04:30.298,True
436,569,390,3214,2024-02-29 05:30:34.470,2024-10-09 06:04:30.298,False
450,528,394,151,2023-11-14 16:28:16.608,2024-10-09 06:04:30.298,True
464,536,392,2643,2024-04-09 12:26:12.647,2024-10-09 06:04:30.299,False
477,538,377,704,2024-06-03 23:27:03.917,2024-10-09 06:04:30.299,True
488,548,311,2444,2024-06-10 12:53:02.353,2024-10-09 06:04:30.299,False
499,555,319,805,2024-07-17 18:31:30.330,2024-10-09 06:04:30.299,False
510,558,369,3131,2024-04-02 08:28:26.738,2024-10-09 06:04:30.300,False
517,562,359,1370,2023-11-03 08:51:10.652,2024-10-09 06:04:30.300,True
526,563,335,2770,2024-06-29 06:44:54.471,2024-10-09 06:04:30.301,False
535,566,398,1062,2024-10-05 04:42:13.689,2024-10-09 06:04:30.301,False
549,580,355,3506,2023-12-04 07:58:19.940,2024-10-09 06:04:30.301,True
563,634,352,3520,2023-10-21 21:39:55.399,2024-10-09 06:04:30.301,True
575,644,403,2451,2024-07-05 22:01:58.598,2024-10-09 06:04:30.302,True
583,644,394,1352,2023-12-08 01:41:31.051,2024-10-09 06:04:30.302,True
595,655,403,2598,2024-01-26 20:43:55.538,2024-10-09 06:04:30.302,True
613,669,377,2459,2024-02-12 16:03:37.676,2024-10-09 06:04:30.303,False
619,567,351,3261,2024-07-16 19:23:49.117,2024-10-09 06:04:30.303,False
629,573,392,2668,2024-02-19 15:23:33.854,2024-10-09 06:04:30.303,True
640,578,376,1485,2024-10-05 11:55:49.426,2024-10-09 06:04:30.303,False
654,594,356,3098,2024-09-15 01:25:13.417,2024-10-09 06:04:30.304,True
668,606,382,1,2023-11-15 12:51:52.287,2024-10-09 06:04:30.306,False
678,607,317,3157,2023-12-15 02:11:24.799,2024-10-09 06:04:30.308,False
690,613,319,1040,2024-06-03 21:18:42.349,2024-10-09 06:04:30.309,True
705,586,338,1636,2024-06-24 17:35:33.355,2024-10-09 06:04:30.311,False
719,588,400,2777,2024-07-16 00:13:45.857,2024-10-09 06:04:30.311,False
727,629,314,1261,2024-09-19 22:00:20.042,2024-10-09 06:04:30.313,False
745,640,374,1062,2024-01-05 08:21:59.229,2024-10-09 06:04:30.315,False
756,682,369,2547,2023-10-14 20:17:37.310,2024-10-09 06:04:30.315,False
849,635,353,397,2024-06-08 18:13:53.585,2024-10-09 06:04:30.319,False
875,647,384,1817,2024-05-16 17:05:01.102,2024-10-09 06:04:30.319,True
888,630,340,1621,2024-06-06 01:34:52.312,2024-10-09 06:04:30.321,False
896,631,311,3111,2023-10-25 14:01:32.164,2024-10-09 06:04:30.327,True
911,638,358,2104,2024-01-09 14:32:28.840,2024-10-09 06:04:30.327,True
923,643,330,1276,2024-02-04 04:00:27.462,2024-10-09 06:04:30.327,False
937,654,340,3085,2024-09-02 16:01:40.760,2024-10-09 06:04:30.327,False
946,663,347,3106,2024-06-22 02:28:11.637,2024-10-09 06:04:30.333,True
995,659,338,2280,2024-06-26 06:43:35.567,2024-10-09 06:04:30.339,True
1005,673,381,2903,2023-12-15 02:41:50.221,2024-10-09 06:04:30.339,False
1016,673,402,710,2024-02-02 01:27:27.172,2024-10-09 06:04:30.339,True
1027,666,357,664,2024-10-04 10:23:35.784,2024-10-09 06:04:30.339,True
1041,676,377,1156,2024-05-04 22:24:42.210,2024-10-09 06:04:30.340,False
1053,677,386,2335,2024-01-05 07:58:08.283,2024-10-09 06:04:30.340,True
1075,680,322,811,2024-07-20 08:14:57.963,2024-10-09 06:04:30.340,True
94,516,314,208,2024-08-17 19:44:18.467,2024-10-09 06:04:30.271,True
105,545,368,1508,2024-07-18 22:32:45.920,2024-10-09 06:04:30.271,False
110,591,350,3304,2024-08-27 19:11:27.186,2024-10-09 06:04:30.271,True
120,704,340,1147,2024-08-25 19:42:57.729,2024-10-09 06:04:30.271,False
133,554,385,2250,2024-04-08 08:57:50.675,2024-10-09 06:04:30.271,True
138,524,344,2614,2024-06-13 16:46:54.460,2024-10-09 06:04:30.271,False
154,589,358,1057,2024-08-22 11:06:12.800,2024-10-09 06:04:30.272,True
167,584,378,225,2024-02-14 10:43:16.477,2024-10-09 06:04:30.273,True
181,707,371,3493,2024-03-22 04:39:49.043,2024-10-09 06:04:30.273,True
188,587,351,703,2024-07-08 21:21:09.506,2024-10-09 06:04:30.273,True
202,699,407,1856,2024-01-05 19:05:09.082,2024-10-09 06:04:30.273,False
213,699,341,2228,2024-02-27 22:47:57.820,2024-10-09 06:04:30.274,True
223,688,407,2313,2023-11-19 16:37:02.116,2024-10-09 06:04:30.275,True
237,706,390,1631,2024-09-19 11:59:40.432,2024-10-09 06:04:30.279,False
247,698,336,3538,2024-04-29 02:19:06.600,2024-10-09 06:04:30.280,True
258,696,314,220,2024-08-11 15:12:56.551,2024-10-09 06:04:30.280,True
268,700,359,1723,2024-09-15 00:17:02.207,2024-10-09 06:04:30.280,False
287,531,387,565,2024-05-26 19:32:16.819,2024-10-09 06:04:30.280,False
298,531,356,2933,2024-04-12 18:46:57.284,2024-10-09 06:04:30.281,False
314,549,325,241,2024-05-02 18:16:07.455,2024-10-09 06:04:30.296,False
323,552,396,706,2023-11-28 20:23:43.358,2024-10-09 06:04:30.296,False
335,571,402,2252,2024-08-31 20:49:02.382,2024-10-09 06:04:30.297,False
348,574,325,3234,2023-10-23 07:58:32.504,2024-10-09 06:04:30.297,True
355,574,312,3422,2023-10-24 19:46:59.273,2024-10-09 06:04:30.297,False
367,523,343,3365,2024-01-08 14:02:08.378,2024-10-09 06:04:30.297,False
381,579,354,2394,2024-04-06 18:05:01.809,2024-10-09 06:04:30.297,True
396,539,394,1947,2024-03-10 16:09:56.514,2024-10-09 06:04:30.297,True
410,553,367,1670,2024-09-24 18:29:59.962,2024-10-09 06:04:30.297,True
432,561,367,113,2023-12-25 01:11:04.299,2024-10-09 06:04:30.298,True
443,570,376,3134,2024-08-29 01:00:51.853,2024-10-09 06:04:30.298,True
454,528,356,2759,2024-09-25 09:43:48.832,2024-10-09 06:04:30.298,True
468,536,333,2557,2024-01-24 21:33:06.140,2024-10-09 06:04:30.299,False
486,548,321,2122,2024-04-20 00:05:26.644,2024-10-09 06:04:30.299,False
496,550,398,2897,2024-02-11 16:52:13.440,2024-10-09 06:04:30.299,False
508,555,385,345,2024-01-02 09:26:32.244,2024-10-09 06:04:30.300,False
522,562,387,358,2024-07-03 01:51:49.252,2024-10-09 06:04:30.300,True
533,563,352,97,2024-02-24 07:08:51.324,2024-10-09 06:04:30.301,False
541,566,343,1414,2024-08-18 04:23:01.245,2024-10-09 06:04:30.301,True
554,621,332,1392,2024-08-25 12:20:08.638,2024-10-09 06:04:30.301,True
573,644,358,3034,2024-08-30 20:27:07.177,2024-10-09 06:04:30.302,True
588,655,333,156,2024-05-11 22:06:49.716,2024-10-09 06:04:30.302,True
600,660,402,75,2023-10-15 06:43:50.578,2024-10-09 06:04:30.302,False
607,664,324,247,2024-03-31 20:34:09.235,2024-10-09 06:04:30.303,True
620,568,355,915,2024-01-31 12:10:19.166,2024-10-09 06:04:30.303,True
634,573,361,1896,2024-05-08 14:27:35.965,2024-10-09 06:04:30.303,False
648,593,365,146,2024-02-03 07:33:29.331,2024-10-09 06:04:30.304,False
659,601,360,3455,2024-02-18 17:48:53.622,2024-10-09 06:04:30.304,False
672,607,392,864,2023-12-14 22:26:30.912,2024-10-09 06:04:30.308,False
685,613,339,3120,2023-12-23 20:27:12.878,2024-10-09 06:04:30.308,True
696,581,370,1588,2024-05-03 16:02:10.912,2024-10-09 06:04:30.311,True
708,583,362,816,2024-04-28 17:49:01.193,2024-10-09 06:04:30.311,False
721,588,358,1883,2024-08-29 19:18:17.578,2024-10-09 06:04:30.312,False
731,629,393,438,2023-11-16 08:24:39.446,2024-10-09 06:04:30.314,False
747,640,405,2698,2024-07-01 18:36:33.884,2024-10-09 06:04:30.315,False
759,686,308,655,2023-10-13 02:47:06.884,2024-10-09 06:04:30.315,False
769,682,350,1638,2024-07-09 00:55:03.659,2024-10-09 06:04:30.315,True
815,614,340,1579,2024-01-28 21:58:57.931,2024-10-09 06:04:30.318,True
825,617,356,784,2024-06-03 03:43:34.036,2024-10-09 06:04:30.319,True
838,635,336,12,2024-03-20 21:46:35.497,2024-10-09 06:04:30.319,False
851,624,372,1597,2024-05-14 16:53:02.814,2024-10-09 06:04:30.319,False
868,639,323,2545,2023-11-22 20:23:42.775,2024-10-09 06:04:30.319,False
877,647,329,3482,2024-09-27 23:50:24.538,2024-10-09 06:04:30.320,False
899,631,366,678,2024-07-29 05:44:19.632,2024-10-09 06:04:30.327,False
913,642,320,333,2023-11-26 14:18:12.506,2024-10-09 06:04:30.327,False
927,650,394,61,2024-05-27 17:02:15.860,2024-10-09 06:04:30.327,True
948,665,365,1389,2023-11-25 05:19:49.485,2024-10-09 06:04:30.338,False
962,656,392,250,2024-05-23 17:36:36.643,2024-10-09 06:04:30.339,True
975,659,343,1908,2024-05-27 19:33:10.401,2024-10-09 06:04:30.339,True
983,657,378,787,2023-10-18 21:11:39.063,2024-10-09 06:04:30.339,True
993,668,368,1616,2023-11-14 11:09:57.977,2024-10-09 06:04:30.339,True
1004,657,398,859,2023-11-11 18:51:40.099,2024-10-09 06:04:30.339,False
1015,667,362,1095,2024-09-29 02:45:10.698,2024-10-09 06:04:30.339,False
1025,671,367,2872,2023-11-10 11:43:11.360,2024-10-09 06:04:30.339,False
1035,672,366,288,2024-09-17 04:47:24.803,2024-10-09 06:04:30.339,False
1048,674,329,1315,2023-12-15 22:33:03.545,2024-10-09 06:04:30.340,False
1058,678,332,1837,2024-02-07 08:19:49.662,2024-10-09 06:04:30.340,False
98,540,369,2820,2024-07-31 12:18:29.256,2024-10-09 06:04:30.271,True
123,704,382,1847,2024-05-06 02:43:43.092,2024-10-09 06:04:30.271,True
129,529,315,1453,2023-10-25 22:41:29.277,2024-10-09 06:04:30.271,True
144,704,381,2423,2024-03-07 13:05:18.014,2024-10-09 06:04:30.271,True
159,595,314,2802,2024-04-13 15:13:04.590,2024-10-09 06:04:30.273,True
173,596,363,3352,2024-07-30 20:24:48.551,2024-10-09 06:04:30.273,False
185,587,340,1839,2024-02-24 21:11:25.579,2024-10-09 06:04:30.273,False
205,699,325,2958,2024-08-04 17:20:36.099,2024-10-09 06:04:30.273,True
219,688,329,3252,2024-01-21 12:49:20.599,2024-10-09 06:04:30.275,True
228,690,382,3101,2024-08-11 05:26:18.918,2024-10-09 06:04:30.275,True
242,694,359,1956,2023-12-30 04:09:12.486,2024-10-09 06:04:30.280,False
256,695,397,992,2024-01-05 22:13:41.586,2024-10-09 06:04:30.280,False
272,695,353,1773,2024-07-11 01:20:19.695,2024-10-09 06:04:30.280,False
281,702,335,1335,2024-01-19 09:14:36.057,2024-10-09 06:04:30.280,True
294,531,326,405,2024-09-23 19:22:22.112,2024-10-09 06:04:30.281,True
307,535,308,1571,2024-09-19 17:50:50.423,2024-10-09 06:04:30.282,True
320,552,378,2849,2024-06-28 23:19:46.926,2024-10-09 06:04:30.296,True
334,571,335,3505,2024-03-06 18:02:34.131,2024-10-09 06:04:30.297,False
347,574,380,2316,2024-03-04 21:56:27.916,2024-10-09 06:04:30.297,True
357,579,329,648,2024-01-29 15:10:03.222,2024-10-09 06:04:30.297,True
372,525,329,1605,2024-09-02 08:26:57.957,2024-10-09 06:04:30.297,False
388,539,401,2446,2023-11-10 21:44:08.937,2024-10-09 06:04:30.297,False
401,579,309,1224,2024-07-08 17:00:26.545,2024-10-09 06:04:30.297,True
412,553,393,3269,2023-10-12 22:34:27.201,2024-10-09 06:04:30.297,True
427,559,364,1412,2024-01-06 18:58:45.821,2024-10-09 06:04:30.298,True
440,569,387,353,2023-11-04 18:48:06.929,2024-10-09 06:04:30.298,True
461,527,372,1222,2023-11-01 08:17:54.794,2024-10-09 06:04:30.299,True
472,537,358,733,2024-08-20 18:03:20.273,2024-10-09 06:04:30.299,True
484,548,351,1583,2024-01-23 02:52:32.032,2024-10-09 06:04:30.299,True
490,550,365,2274,2024-01-17 17:02:43.961,2024-10-09 06:04:30.299,True
501,555,366,267,2024-03-26 03:11:00.697,2024-10-09 06:04:30.299,False
515,558,352,3481,2024-04-08 15:32:55.106,2024-10-09 06:04:30.300,True
527,562,330,2094,2024-05-09 20:48:56.684,2024-10-09 06:04:30.300,False
539,566,360,2625,2023-10-26 18:47:20.097,2024-10-09 06:04:30.301,False
558,628,372,69,2024-07-19 17:23:00.984,2024-10-09 06:04:30.301,True
565,634,334,891,2024-07-14 21:29:49.308,2024-10-09 06:04:30.301,True
578,644,375,62,2024-04-15 11:48:23.497,2024-10-09 06:04:30.302,False
591,655,394,1652,2024-01-28 01:13:41.925,2024-10-09 06:04:30.302,False
603,664,358,3570,2023-12-30 03:14:42.306,2024-10-09 06:04:30.302,True
616,679,353,883,2024-03-02 23:37:21.485,2024-10-09 06:04:30.303,False
631,568,344,1584,2024-07-12 02:53:07.743,2024-10-09 06:04:30.303,True
644,585,313,2001,2024-09-05 14:14:43.313,2024-10-09 06:04:30.304,False
658,601,309,915,2023-11-26 03:18:32.033,2024-10-09 06:04:30.304,True
706,612,391,2221,2023-11-29 11:24:58.961,2024-10-09 06:04:30.308,False
711,588,320,451,2024-06-04 10:34:37.463,2024-10-09 06:04:30.311,True
732,629,350,561,2023-10-10 17:13:26.321,2024-10-09 06:04:30.314,False
744,633,354,2223,2024-09-17 14:48:46.660,2024-10-09 06:04:30.315,True
755,682,363,2333,2023-10-23 01:58:31.079,2024-10-09 06:04:30.315,False
814,610,349,792,2024-04-23 03:17:49.466,2024-10-09 06:04:30.318,False
828,620,404,2644,2024-03-04 17:28:57.243,2024-10-09 06:04:30.319,False
840,623,322,776,2024-06-05 11:07:04.398,2024-10-09 06:04:30.319,True
853,624,333,768,2024-01-30 09:33:03.307,2024-10-09 06:04:30.319,True
862,632,368,111,2024-01-16 20:10:36.960,2024-10-09 06:04:30.319,True
876,647,385,2221,2024-05-24 19:45:48.448,2024-10-09 06:04:30.320,False
887,625,369,1004,2024-03-10 03:18:42.491,2024-10-09 06:04:30.321,True
900,637,333,2445,2024-02-27 18:14:51.155,2024-10-09 06:04:30.327,True
912,637,387,3144,2024-08-19 10:21:07.299,2024-10-09 06:04:30.327,False
926,649,401,1093,2023-12-07 16:22:30.095,2024-10-09 06:04:30.327,False
939,658,357,1521,2024-10-07 18:13:02.821,2024-10-09 06:04:30.327,False
950,645,327,306,2024-01-27 04:50:47.164,2024-10-09 06:04:30.339,False
963,656,390,1897,2024-08-12 07:17:25.114,2024-10-09 06:04:30.339,False
973,652,397,1304,2024-01-06 05:58:55.995,2024-10-09 06:04:30.339,False
987,657,360,2612,2024-08-28 14:14:17.856,2024-10-09 06:04:30.339,True
996,656,364,3390,2024-02-26 23:09:40.830,2024-10-09 06:04:30.339,True
1007,670,365,2051,2023-12-20 19:06:58.366,2024-10-09 06:04:30.339,False
1019,666,331,1215,2024-03-10 10:03:08.320,2024-10-09 06:04:30.339,False
1031,672,342,2051,2024-01-09 04:44:58.834,2024-10-09 06:04:30.339,False
1047,676,313,1815,2024-05-06 04:26:11.206,2024-10-09 06:04:30.340,True
1052,678,358,1625,2024-04-17 08:13:37.715,2024-10-09 06:04:30.340,True
1061,678,372,1676,2024-06-03 19:00:36.378,2024-10-09 06:04:30.340,True
1068,681,406,3045,2024-04-21 23:42:51.656,2024-10-09 06:04:30.340,False
93,512,374,1373,2023-12-23 11:46:29.157,2024-10-09 06:04:30.271,False
128,547,347,92,2023-11-22 15:38:41.263,2024-10-09 06:04:30.271,True
147,591,353,1020,2024-06-21 00:33:35.408,2024-10-09 06:04:30.272,False
161,596,354,1380,2024-07-10 00:16:36.480,2024-10-09 06:04:30.273,False
171,584,372,851,2024-08-20 09:04:31.813,2024-10-09 06:04:30.273,False
187,587,362,1201,2024-08-26 20:20:41.077,2024-10-09 06:04:30.273,True
199,599,366,134,2024-07-15 13:35:35.967,2024-10-09 06:04:30.273,False
211,689,340,956,2024-09-27 23:18:17.096,2024-10-09 06:04:30.275,True
225,691,391,1223,2024-03-31 08:08:25.230,2024-10-09 06:04:30.275,True
235,691,361,2996,2024-05-07 13:38:57.729,2024-10-09 06:04:30.276,True
252,692,379,1351,2023-10-21 13:32:55.912,2024-10-09 06:04:30.280,False
264,696,369,1088,2024-07-30 13:01:13.829,2024-10-09 06:04:30.280,False
271,702,308,3375,2024-05-20 22:27:22.876,2024-10-09 06:04:30.280,True
282,531,404,3396,2024-05-02 15:08:05.450,2024-10-09 06:04:30.280,True
303,535,382,3398,2024-08-20 18:11:27.863,2024-10-09 06:04:30.282,False
315,549,374,1157,2024-07-25 23:35:07.587,2024-10-09 06:04:30.296,False
322,552,392,2650,2024-05-26 20:06:06.019,2024-10-09 06:04:30.296,False
336,565,376,1607,2024-03-04 02:28:17.477,2024-10-09 06:04:30.297,False
360,519,322,2510,2024-04-25 02:32:55.515,2024-10-09 06:04:30.297,True
373,525,406,2861,2024-05-11 20:47:37.758,2024-10-09 06:04:30.297,True
387,525,308,2259,2024-02-09 18:11:14.800,2024-10-09 06:04:30.297,True
402,579,369,3449,2024-09-29 12:39:55.456,2024-10-09 06:04:30.297,False
416,556,377,1354,2024-03-08 19:55:42.499,2024-10-09 06:04:30.298,True
430,559,345,2864,2023-12-08 10:23:17.626,2024-10-09 06:04:30.298,False
435,569,317,883,2024-10-02 13:35:11.352,2024-10-09 06:04:30.298,True
451,528,315,906,2024-07-05 22:55:52.865,2024-10-09 06:04:30.298,True
466,536,334,290,2024-04-22 04:06:08.247,2024-10-09 06:04:30.299,False
479,538,363,3299,2024-04-27 02:35:53.984,2024-10-09 06:04:30.299,True
489,548,346,2795,2023-10-28 09:49:33.592,2024-10-09 06:04:30.299,False
502,555,314,413,2023-10-30 04:03:37.867,2024-10-09 06:04:30.300,False
516,558,339,2056,2023-11-13 22:54:09.364,2024-10-09 06:04:30.300,False
530,563,398,385,2023-10-22 22:00:39.926,2024-10-09 06:04:30.301,True
542,575,310,161,2024-04-09 18:18:01.678,2024-10-09 06:04:30.301,True
551,580,377,2785,2023-12-08 07:27:55.396,2024-10-09 06:04:30.301,False
561,628,377,1395,2023-10-24 08:00:21.431,2024-10-09 06:04:30.301,True
571,641,377,2314,2024-02-25 06:13:53.318,2024-10-09 06:04:30.302,False
586,655,327,2785,2024-09-03 05:00:03.656,2024-10-09 06:04:30.302,False
596,660,308,3119,2023-12-21 16:12:32.568,2024-10-09 06:04:30.302,False
612,679,355,859,2024-04-25 16:04:27.159,2024-10-09 06:04:30.303,False
623,568,325,2119,2023-10-21 23:31:51.710,2024-10-09 06:04:30.303,False
637,576,320,675,2024-05-08 22:49:39.576,2024-10-09 06:04:30.303,True
643,578,407,2471,2023-11-30 03:07:45.150,2024-10-09 06:04:30.303,True
652,594,353,3473,2023-10-27 04:07:02.821,2024-10-09 06:04:30.304,False
667,606,373,691,2023-11-28 13:14:59.231,2024-10-09 06:04:30.305,False
680,612,371,1534,2023-11-03 02:01:51.871,2024-10-09 06:04:30.308,True
693,577,338,3104,2024-06-20 23:38:49.544,2024-10-09 06:04:30.309,False
701,583,327,1501,2024-04-24 12:57:33.902,2024-10-09 06:04:30.311,True
717,586,394,660,2024-02-27 10:00:14.429,2024-10-09 06:04:30.311,False
726,602,386,2472,2023-12-12 21:41:05.932,2024-10-09 06:04:30.313,True
758,646,332,3350,2023-11-16 18:57:09.189,2024-10-09 06:04:30.315,False
768,684,373,2437,2023-10-11 12:19:31.589,2024-10-09 06:04:30.315,True
774,685,385,2763,2024-04-20 09:41:50.232,2024-10-09 06:04:30.316,False
780,685,367,2322,2023-11-20 20:23:00.606,2024-10-09 06:04:30.317,False
786,597,309,245,2024-03-21 04:42:45.911,2024-10-09 06:04:30.317,False
791,608,335,3328,2024-04-27 07:33:54.120,2024-10-09 06:04:30.317,True
805,600,360,1230,2023-11-28 14:00:05.982,2024-10-09 06:04:30.318,True
821,614,386,3536,2024-08-12 04:42:14.285,2024-10-09 06:04:30.318,True
832,620,316,1365,2024-06-03 15:43:55.585,2024-10-09 06:04:30.319,False
836,620,351,2025,2024-03-14 08:39:33.834,2024-10-09 06:04:30.319,True
847,624,325,1250,2024-09-16 01:10:15.051,2024-10-09 06:04:30.319,False
860,627,359,1933,2024-09-12 12:04:28.944,2024-10-09 06:04:30.319,True
869,636,382,2474,2024-01-29 12:24:14.253,2024-10-09 06:04:30.319,False
885,653,345,1746,2024-07-01 18:55:42.328,2024-10-09 06:04:30.321,True
894,630,350,2717,2024-02-16 15:45:41.067,2024-10-09 06:04:30.321,True
909,638,360,2980,2023-11-29 01:22:11.255,2024-10-09 06:04:30.327,True
924,649,395,3520,2024-05-14 00:25:42.062,2024-10-09 06:04:30.327,True
935,650,379,3489,2023-12-12 12:16:01.190,2024-10-09 06:04:30.327,True
944,658,407,500,2024-03-30 22:07:02.609,2024-10-09 06:04:30.330,True
953,645,404,2408,2024-05-03 12:05:29.803,2024-10-09 06:04:30.339,False
966,656,308,2368,2023-12-20 18:52:58.173,2024-10-09 06:04:30.339,False
976,662,366,504,2024-01-21 14:00:00.889,2024-10-09 06:04:30.339,True
990,668,335,278,2023-12-14 02:08:25.146,2024-10-09 06:04:30.339,True
1001,656,319,3338,2023-12-05 06:02:37.506,2024-10-09 06:04:30.339,True
1012,657,399,3188,2024-09-15 01:27:48.834,2024-10-09 06:04:30.339,False
1022,671,393,1172,2024-09-15 11:03:16.683,2024-10-09 06:04:30.339,False
1034,671,351,98,2024-06-14 20:35:08.547,2024-10-09 06:04:30.339,True
1044,677,375,3182,2024-03-24 06:17:01.021,2024-10-09 06:04:30.340,False
1059,677,328,2389,2023-12-25 08:27:53.041,2024-10-09 06:04:30.340,False
1067,678,404,1372,2024-01-23 07:02:02.367,2024-10-09 06:04:30.340,False
95,540,308,502,2024-05-18 06:34:46.101,2024-10-09 06:04:30.271,False
145,591,333,2162,2023-12-21 20:58:58.851,2024-10-09 06:04:30.272,True
158,595,336,340,2024-08-18 20:25:46.013,2024-10-09 06:04:30.273,False
170,584,402,1392,2024-10-01 08:33:57.828,2024-10-09 06:04:30.273,True
186,587,379,3163,2024-01-03 02:32:34.950,2024-10-09 06:04:30.273,True
197,599,351,3158,2024-01-21 03:26:53.890,2024-10-09 06:04:30.273,False
216,688,398,1515,2024-10-04 04:16:11.774,2024-10-09 06:04:30.275,False
227,691,323,2898,2023-11-25 10:54:07.073,2024-10-09 06:04:30.275,True
240,698,403,2239,2024-08-06 04:01:55.576,2024-10-09 06:04:30.279,False
250,696,347,3193,2024-10-08 03:31:36.237,2024-10-09 06:04:30.280,False
262,693,314,1434,2024-04-25 23:01:11.908,2024-10-09 06:04:30.280,True
274,702,359,3202,2024-05-25 14:24:23.610,2024-10-09 06:04:30.280,False
288,531,339,1622,2024-06-20 02:05:13.871,2024-10-09 06:04:30.280,True
304,535,347,1564,2024-08-19 01:58:15.913,2024-10-09 06:04:30.282,True
312,549,319,661,2024-07-07 21:00:39.034,2024-10-09 06:04:30.296,True
327,557,314,930,2024-01-11 16:51:21.388,2024-10-09 06:04:30.297,False
337,574,363,1375,2024-03-11 10:27:25.067,2024-10-09 06:04:30.297,True
351,519,356,1021,2024-07-25 08:12:05.086,2024-10-09 06:04:30.297,True
364,579,382,2636,2023-11-16 07:33:38.245,2024-10-09 06:04:30.297,False
379,532,367,1993,2024-01-18 19:45:01.180,2024-10-09 06:04:30.297,True
390,539,371,2088,2024-03-30 01:24:21.095,2024-10-09 06:04:30.297,True
403,546,357,1254,2024-06-26 07:37:59.492,2024-10-09 06:04:30.297,True
419,556,369,3244,2023-10-27 01:41:31.894,2024-10-09 06:04:30.298,False
428,556,340,1502,2023-10-24 18:00:42.365,2024-10-09 06:04:30.298,False
438,570,327,734,2024-08-06 07:58:03.186,2024-10-09 06:04:30.298,True
448,572,379,3336,2024-05-01 23:36:42.476,2024-10-09 06:04:30.298,True
460,527,395,2505,2024-06-15 23:34:26.126,2024-10-09 06:04:30.298,False
462,536,385,1541,2024-01-07 02:58:00.975,2024-10-09 06:04:30.299,True
475,538,316,1896,2024-05-01 06:14:30.626,2024-10-09 06:04:30.299,True
481,538,402,1982,2024-02-13 08:01:50.420,2024-10-09 06:04:30.299,True
495,548,329,76,2024-02-13 20:04:10.816,2024-10-09 06:04:30.299,True
500,555,401,288,2023-12-03 01:33:35.325,2024-10-09 06:04:30.299,True
514,558,356,1674,2023-12-18 08:24:30.692,2024-10-09 06:04:30.300,True
525,562,365,3212,2023-11-26 14:25:51.093,2024-10-09 06:04:30.300,False
536,566,354,3516,2024-05-06 04:13:55.854,2024-10-09 06:04:30.301,True
547,580,330,612,2024-05-07 15:00:32.617,2024-10-09 06:04:30.301,False
555,615,339,2388,2024-04-03 06:44:22.240,2024-10-09 06:04:30.301,False
572,641,367,1966,2024-07-09 21:25:51.453,2024-10-09 06:04:30.302,True
582,655,370,202,2024-08-26 10:06:30.934,2024-10-09 06:04:30.302,True
664,573,324,1114,2024-05-22 15:56:40.199,2024-10-09 06:04:30.303,True
676,607,322,3426,2024-06-15 19:55:54.139,2024-10-09 06:04:30.308,True
688,613,383,1889,2024-05-06 15:19:59.627,2024-10-09 06:04:30.309,False
698,583,363,2633,2023-11-23 16:11:20.902,2024-10-09 06:04:30.311,False
712,588,333,2249,2024-01-25 03:46:21.138,2024-10-09 06:04:30.311,True
734,629,389,297,2024-07-09 16:07:26.103,2024-10-09 06:04:30.314,True
741,633,314,1549,2024-07-02 05:16:12.429,2024-10-09 06:04:30.315,False
753,686,353,3461,2024-07-31 17:20:48.471,2024-10-09 06:04:30.315,True
763,682,385,14,2024-07-24 04:26:59.492,2024-10-09 06:04:30.315,False
818,617,361,942,2024-05-07 10:23:56.905,2024-10-09 06:04:30.319,False
827,620,363,632,2024-05-15 12:21:59.567,2024-10-09 06:04:30.319,False
843,623,385,2163,2023-10-15 14:01:28.606,2024-10-09 06:04:30.319,True
858,627,374,2260,2024-03-20 22:26:29.111,2024-10-09 06:04:30.319,True
871,639,361,758,2024-04-29 00:35:46.499,2024-10-09 06:04:30.319,False
884,653,362,1457,2024-08-25 02:38:42.440,2024-10-09 06:04:30.320,True
889,626,362,2292,2024-07-19 12:28:22.476,2024-10-09 06:04:30.321,True
904,637,360,3068,2024-09-23 21:22:12.482,2024-10-09 06:04:30.327,False
916,642,374,2357,2024-08-10 05:55:19.518,2024-10-09 06:04:30.327,False
930,650,356,1550,2024-06-14 09:14:53.723,2024-10-09 06:04:30.327,True
942,658,371,2282,2023-10-24 15:05:00.575,2024-10-09 06:04:30.327,True
959,687,320,1698,2023-12-11 22:40:47.771,2024-10-09 06:04:30.339,False
972,659,332,296,2023-12-05 23:53:34.260,2024-10-09 06:04:30.339,True
986,657,315,1428,2024-02-06 15:10:28.479,2024-10-09 06:04:30.339,True
998,668,363,981,2023-11-18 02:53:14.732,2024-10-09 06:04:30.339,True
1009,673,359,1839,2024-05-16 11:36:14.598,2024-10-09 06:04:30.339,True
1021,671,394,2497,2024-06-29 16:18:47.406,2024-10-09 06:04:30.339,False
1036,674,335,1062,2024-08-15 03:34:59.343,2024-10-09 06:04:30.339,False
1057,678,396,1150,2024-05-01 17:03:53.471,2024-10-09 06:04:30.340,False
1070,681,382,304,2024-05-21 04:20:17.604,2024-10-09 06:04:30.340,False
